Name,Formula,Adduct,Dil_1_1,InChI,InChI_Key,cid,complexity,exact_mass,h_bond_acceptor_count,h_bond_donor_count,heavy_atom_count,molecular_formula,rotatable_bond_count,tpsa,xlogp,Match,GENERIC_NAME,CHEMICAL_FORMULA,INCHI_KEY,EXACT_MASS,ALOGPS_LOGP,ALOGPS_LOGS,ALOGPS_SOLUBILITY,MOLECULAR_WEIGHT,SMILES,HMDB_ID,INCHI_IDENTIFIER,JCHEM_ACCEPTOR_COUNT,JCHEM_ACIDIC_PKA,JCHEM_BASIC_PKA,JCHEM_DONOR_COUNT,JCHEM_LOGP,JCHEM_PHYSIOLOGICAL_CHARGE,JCHEM_POLARIZABILITY,JCHEM_POLAR_SURFACE_AREA,JCHEM_REFRACTIVITY,JCHEM_ROTATABLE_BOND_COUNT,IUPAC_NAME,TRADITIONAL_IUPAC_NAME,SYNONYMS
Hypoxanthine,C5H4N4O,M+H,64196896.0,"InChI=1S/C5H4N4O/c10-5-3-4(7-1-6-3)8-2-9-5/h1-2H,(H2,6,7,8,9,10)",InChIKey=FDGQSTZJBFJUBT-UHFFFAOYSA-N,790,190.0,136.038511,2,2,10,C5H4N4O,0,70.1,-1.1,1,Hypoxanthine,C5H4N4O,InChIKey=FDGQSTZJBFJUBT-UHFFFAOYSA-N,136.03851077,-0.55,-1,13 g/L,136.1115,OC1=NC=NC2=C1NC=N2,HMDB00157,"InChI=1S/C5H4N4O/c10-5-3-4(7-1-6-3)8-2-9-5/h1-2H,(H2,6,7,8,9,10)",4,8.72,2.66,2,-0.048,0,11.82,74.69,35.5,0,7H-purin-6-ol,7H-purin-6-ol,"1,7-Dihydro-6H-purin-6-one;1,7-Dihydro-6H-purine-6-one;1H,7H-Hypoxanthine;3H-Purin-6-ol;4-Hydroxy-1H-purine;6(1H)-Purinone;6-Hydroxy-1H-purine;6-Hydroxypurine;6-Oxopurine;7H-Purin-6-ol;9H-Purin-6(1H)-one;9H-Purin-6-ol;Hypoxanthine enol;Purin-6(1H)-one;Purin-6(3H)-one;Purin-6-ol;Purine-6-ol;Sarcine;Sarkin;Sarkine"
Nicotinamide,C6H6N2O,M+H,949647488.0,"InChI=1S/C6H6N2O/c7-6(9)5-2-1-3-8-4-5/h1-4H,(H2,7,9)",InChIKey=DFPAKSUCGFBDDF-UHFFFAOYSA-N,936,114.0,122.048013,2,1,9,C6H6N2O,1,56.0,-0.4,1,Niacinamide,C6H6N2O,InChIKey=DFPAKSUCGFBDDF-UHFFFAOYSA-N,122.048012824,-0.45,-0.39,50.1 g/L,122.1246,NC(=O)C1=CN=CC=C1,HMDB01406,"InChI=1S/C6H6N2O/c7-6(9)5-2-1-3-8-4-5/h1-4H,(H2,7,9)",2,13.39,3.63,1,-0.39,0,11.71,55.98,32.98,1,pyridine-3-carboxamide,nicotinamide,3-Carbamoylpyridine;3-Pyridinecarboxamide;3-Pyridinecarboxylic acid amide;Acid amide;Amid kyseliny nikotinove;Amide PP;Aminicotin;Amixicotyn;Amnicotin;Austrovit PP;b-Pyridinecarboxamide;Benicot;beta-Pyridinecarboxamide;Delonin Amide;Dipegyl;Dipigyl;Endobion;Factor pp;Hansamid;Inovitan PP;m-(Aminocarbonyl)pyridine;Mediatric;NAM;Nandervit-N;Niacevit;Niacinamide;Niamide;Niavit PP;Nicamide;Nicamina;Nicamindon;Nicasir;Nicobion;Nicofort;Nicogen;Nicomidol;Nicosan 2;Nicosylamide;Nicota;Nicotamide;Nicotilamide;Nicotililamido;Nicotinamida;Nicotinamide;Nicotinamidum;Nicotine acid amide;Nicotine amide;Nicotinic acid amide;Nicotinic amide;Nicotinsaureamid;Nicotol;Nicotylamide;Nicotylamidum;Nicovel;Nicovit;Nicovitina;Nicovitol;Nicozymin;Nictoamide;Niko-tamin;Nikotinamid;Nikotinsaeureamid;Niocinamide;Niozymin;Papulex;Pelmin;Pelmine;Pelonin amide;PP-Faktor;Propamine A;Pyridine-3-carboxylic acid amide;Savacotyl;Vi-Nicotyl;Vi-noctyl;Vitamin B3;Vitamin PP;Witamina PP
5-Oxoproline,C5H7NO3,M+H,50486336.0,"InChI=1S/C5H7NO3/c7-4-2-1-3(6-4)5(8)9/h3H,1-2H2,(H,6,7)(H,8,9)",InChIKey=ODHCTXKNWHHXJC-UHFFFAOYSA-N,499,154.0,129.042593,3,2,9,C5H7NO3,1,66.4,-0.8,1,Pyrrolidonecarboxylic acid,C5H7NO3,InChIKey=ODHCTXKNWHHXJC-UHFFFAOYSA-N,129.042593095,-1,0.07,151 g/L,129.114,OC(=O)C1CCC(=O)N1,HMDB00805,"InChI=1S/C5H7NO3/c7-4-2-1-3(6-4)5(8)9/h3H,1-2H2,(H,6,7)(H,8,9)",3,3.61,-1.8,2,-0.89,-1,11.6,66.4,28.09,1,5-oxopyrrolidine-2-carboxylic acid,Glp,(+)-2-Pyrrolidone-5-carboxylate;(+)-2-Pyrrolidone-5-carboxylic acid;(+)-Pyroglutamate;(+)-Pyroglutamic acid;(2R)-2-Carboxy-5-pyrrolidinone;(R)-(+)-2-Pyrrolidone-5-carboxylate;(R)-(+)-2-Pyrrolidone-5-carboxylic acid;(R)-2-Pyrrolidone-5-carboxylate;(R)-2-Pyrrolidone-5-carboxylic acid;(R)-5-Oxopyrrolidine-2-carboxylate;(R)-5-Oxopyrrolidine-2-carboxylic acid;5-Oxo-D-proline;D-2-Pyrrolidone-5-carboxylic;D-5-Pyrrolidone-2-carboxylate;D-5-Pyrrolidone-2-carboxylic acid;D-Pyroglutamate;D-Pyroglutamic acid
5'-Methylthioadenosine,C11H15N5O3S,M+H,574712128.0,"InChI=1S/C11H15N5O3S/c1-20-2-5-7(17)8(18)11(19-5)16-4-15-6-9(12)13-3-14-10(6)16/h3-5,7-8,11,17-18H,2H2,1H3,(H2,12,13,14)/t5-,7-,8-,11-/m1/s1",InChIKey=WUUGFSXJNOTRMR-IOSLPCCCSA-N,439176,352.0,297.08956,8,3,20,C11H15N5O3S,3,145.0,-0.3,1,5'-Methylthioadenosine,C11H15N5O3S,InChIKey=WUUGFSXJNOTRMR-IOSLPCCCSA-N,297.089560061,-0.14,-1.7,6.5 g/L,297.334,CSC[C@H]1O[C@H]([C@H](O)[C@@H]1O)N1C=NC2=C1N=CN=C2N,HMDB01173,"InChI=1S/C11H15N5O3S/c1-20-2-5-7(17)8(18)11(19-5)16-4-15-6-9(12)13-3-14-10(6)16/h3-5,7-8,11,17-18H,2H2,1H3,(H2,12,13,14)/t5-,7-,8-,11-/m1/s1",7,12.47,4.99,3,-0.61,0,29.26,119.31,74.03,3,"(2R,3R,4S,5S)-2-(6-amino-9H-purin-9-yl)-5-[(methylsulfanyl)methyl]oxolane-3,4-diol",S-methyl-5'-thioadenosine,1-(6-Amino-9H-purin-9-yl)-1-deoxy-5-S-methyl-5-thio-beta-D-Ribofuranose;1-(6-Amino-9H-purin-9-yl)-1-deoxy-5-S-methyl-5-thio-beta-delta-Ribofuranose;5'-(Methylthio)-5'-deoxyadenosine;5'-(Methylthio)adenosine;5'-Deoxy-5'-(methylthio)adenosine;5'-Methylthioadenosine;5'-S-Methyl-5'-thio-Adenosine;5'-S-Methyl-5'-thioadenosine;5-Methylthioadenosine;Methylthioadenosine;MTA;S-Methyl-5'-thioadenosine;S-Methyl-5-thioadenosine;Thiomethyladenosine
L-Kynurenine,C10H12N2O3,M+H,74872584.0,"InChI=1S/C10H12N2O3/c11-7-4-2-1-3-6(7)9(13)5-8(12)10(14)15/h1-4,8H,5,11-12H2,(H,14,15)/t8-/m0/s1",InChIKey=YGPSJZOEDVAXAB-QMMMGPOBSA-N,161166,255.0,208.084792,5,3,15,C10H12N2O3,4,106.0,-2.2,1,L-Kynurenine,C10H12N2O3,InChIKey=YGPSJZOEDVAXAB-QMMMGPOBSA-N,208.08479226,-1.9,-2.1,1.67 g/L,208.2139,N[C@@H](CC(=O)C1=CC=CC=C1N)C(O)=O,HMDB00684,"InChI=1S/C10H12N2O3/c11-7-4-2-1-3-6(7)9(13)5-8(12)10(14)15/h1-4,8H,5,11-12H2,(H,14,15)/t8-/m0/s1",5,1.19,8.96,3,-1.9,0,20.59,106.41,55.05,4,(2S)-2-amino-4-(2-aminophenyl)-4-oxobutanoic acid,L-kynurenine,"(alphaS)-alpha,2-diamino-3-hydroxy-gamma-oxo-Benzenebutanoate;(alphaS)-alpha,2-diamino-3-hydroxy-gamma-oxo-Benzenebutanoic acid;(S)-alpha,2-diamino-3-hydroxy-gamma-oxo-Benzenebutanoate;(S)-alpha,2-diamino-3-hydroxy-gamma-oxo-Benzenebutanoic acid;3-(3-Hydroxyanthraniloyl)-L-alanine;3-Anthraniloyl-Alanine;3-Anthraniloyl-L-alanine;3-Anthraniloylalanine;3-Hydroxy-L-kynurenine;alpha,2-Diamino-gamma-oxo-Benzenebutanoate;alpha,2-Diamino-gamma-oxo-Benzenebutanoic acid;Dl-Kynurenine;DL-Kynureninefree base;Kynurenin;Kynurenine;Quinurenine"
Adenosine,C10H13N5O4,M+H,374068864.0,"InChI=1S/C10H13N5O4/c11-8-5-9(13-2-12-8)15(3-14-5)10-7(18)6(17)4(1-16)19-10/h2-4,6-7,10,16-18H,1H2,(H2,11,12,13)/t4-,6-,7-,10-/m1/s1",InChIKey=OIRDTQYFTABQOQ-KQYNXXCUSA-N,60961,335.0,267.096754,8,4,19,C10H13N5O4,2,140.0,-1.1,1,Adenosine,C10H13N5O4,InChIKey=OIRDTQYFTABQOQ-KQYNXXCUSA-N,267.096753929,-1.2,-1.3,14 g/L,267.2413,NC1=NC=NC2=C1N=CN2[C@@H]1O[C@H](CO)[C@@H](O)[C@H]1O,HMDB00050,"InChI=1S/C10H13N5O4/c11-8-5-9(13-2-12-8)15(3-14-5)10-7(18)6(17)4(1-16)19-10/h2-4,6-7,10,16-18H,1H2,(H2,11,12,13)/t4-,6-,7-,10-/m1/s1",8,12.45,4.99,4,-2.1,0,25.04,139.54,63.2,2,"(2R,3R,4S,5R)-2-(6-amino-9H-purin-9-yl)-5-(hydroxymethyl)oxolane-3,4-diol",adenosine,1-(6-Amino-9H-purin-9-yl)-1-deoxy-beta-D-Ribofuranose;1-(6-Amino-9H-purin-9-yl)-1-deoxy-beta-delta-Ribofuranose;6-Amino-9beta-D-ribofuranosyl-9H-purine;6-Amino-9beta-delta-ribofuranosyl-9H-purine;9-beta-D-Arabinofuranosyladenine;9-beta-D-Ribofuranosidoadenine;9-beta-D-Ribofuranosyl-9H-purin-6-amine;9-beta-D-Ribofuranosyladenine;9-beta-delta-Arabinofuranosyladenine;9-beta-delta-Ribofuranosidoadenine;9-beta-delta-Ribofuranosyl-9H-purin-6-amine;9-beta-delta-Ribofuranosyladenine;9beta-D-ribofuranosyl-9H-Purin-6-amine;9beta-D-Ribofuranosyladenine;9beta-delta-ribofuranosyl-9H-Purin-6-amine;9beta-delta-Ribofuranosyladenine;Adenine nucleoside;Adenine riboside;Adenine-9beta-D-Ribofuranoside;Adenine-9beta-delta-Ribofuranoside;Adenocard;Adenocor;Adenoscan;Adenosin;b-D-Adenosine;beta-Adenosine;beta-D-Adenosine;beta-delta-Adenosine;Boniton;Myocol;Nucleocardyl;Sandesin
Guanosine,C10H13N5O5,M+H,1366857.75,"InChI=1S/C10H13N5O5/c11-10-13-7-4(8(19)14-10)12-2-15(7)9-6(18)5(17)3(1-16)20-9/h2-3,5-6,9,16-18H,1H2,(H3,11,13,14,19)/t3-,5-,6-,9-/m1/s1",InChIKey=NYHBQMYGNKIUIF-UUOKFMHZSA-N,6802,446.0,283.091669,6,5,20,C10H13N5O5,2,155.0,-2.7,1,Guanosine,C10H13N5O5,InChIKey=NYHBQMYGNKIUIF-UUOKFMHZSA-N,283.091668551,-2.1,-1.3,15.3 g/L,283.2407,NC1=NC2=C(N=CN2[C@@H]2O[C@H](CO)[C@@H](O)[C@H]2O)C(=O)N1,HMDB00133,"InChI=1S/C10H13N5O5/c11-10-13-7-4(8(19)14-10)12-2-15(7)9-6(18)5(17)3(1-16)20-9/h2-3,5-6,9,16-18H,1H2,(H3,11,13,14,19)/t3-,5-,6-,9-/m1/s1",8,10.16,1.79,5,-2.7,0,26.02,155.22,64.62,2,"2-amino-9-[(2R,3R,4S,5R)-3,4-dihydroxy-5-(hydroxymethyl)oxolan-2-yl]-6,9-dihydro-1H-purin-6-one",guanosine,"2-Amino-1,9-dihydro-9-b-D-ribofuranosyl-6H-purin-6-one;2-Amino-1,9-dihydro-9-beta-delta-ribofuranosyl-6H-purin-6-one;2-Amino-Inosine;9-b-D-Ribofuranosyl-Guanine;9-beta-delta-Ribofuranosyl-Guanine;b-D-Ribofuranoside guanine-9;beta-delta-Ribofuranoside guanine-9;Guanosine;Ribonucleoside;Vernine"
6-Methylaminopurine,C6H7N5,M+H,2129380992.0,"InChI=1S/C6H7N5/c1-7-5-4-6(10-2-8-4)11-3-9-5/h2-3H,1H3,(H2,7,8,9,10,11)",InChIKey=CKOMXBHMKXXTNW-UHFFFAOYSA-N,67955,139.0,149.070145,4,2,11,C6H7N5,1,66.5,0.6,1,6-Methyladenine,C6H7N5,InChIKey=CKOMXBHMKXXTNW-UHFFFAOYSA-N,149.070145249,0.19,-2.2,0.94 g/L,149.1533,CNC1=NC=NC2=C1NC=N2,HMDB02099,"InChI=1S/C6H7N5/c1-7-5-4-6(10-2-8-4)11-3-9-5/h2-3H,1H3,(H2,7,8,9,10,11)",4,10.24,5.22,2,-0.27,0,14.43,66.49,43.71,1,N-methyl-7H-purin-6-amine,N-methyl-7H-purin-6-amine,(N-6)-Methyladenine;6-(Methylamino)purine;6-MAP;6-Methylaminopurine;6-Monomethylaminopurine;Methyl(purin-6-yl)amine;N(Sup6)-Methyladenine;N(Sup6)-Monomethyladenine;N-6-Methyladenine;N-Methyl-9H-purin-6-amine;N-Methyl-Adenine;N-Methyl-N-(9H-purin-6-yl)amine;N-Methyladenine;N6-Methyladenine;N6-Monomethyladenine
L-isoleucine,C6H13NO2,M+H,565886656.0,"InChI=1S/C6H13NO2/c1-3-4(2)5(7)6(8)9/h4-5H,3,7H2,1-2H3,(H,8,9)/t4-,5-/m0/s1",InChIKey=AGPKZVBTJJNPAG-WHFBIAKZSA-N,6306,103.0,131.094629,3,2,9,C6H13NO2,3,63.3,-1.7,1,L-Isoleucine,C6H13NO2,InChIKey=AGPKZVBTJJNPAG-WHFBIAKZSA-N,131.094628665,-1.7,-0.06,114 g/L,131.1729,CC[C@H](C)[C@H](N)C(O)=O,HMDB00172,"InChI=1S/C6H13NO2/c1-3-4(2)5(7)6(8)9/h4-5H,3,7H2,1-2H3,(H,8,9)/t4-,5-/m0/s1",3,2.79,9.59,2,-1.5,0,14.27,63.32,34.09,3,"(2S,3S)-2-amino-3-methylpentanoic acid",L-isoleucine,"(2S,3S)-2-amino-3-methyl-Pentanoate;(2S,3S)-2-amino-3-methyl-Pentanoic acid;(2S,3S)-2-Amino-3-methylpentanoate;(2S,3S)-2-Amino-3-methylpentanoic acid;(2S,3S)-a-Amino-b-methyl-N-valerate;(2S,3S)-a-Amino-b-methyl-N-valeric acid;(2S,3S)-a-Amino-b-methylvalerate;(2S,3S)-a-Amino-b-methylvaleric acid;(2S,3S)-alph-Amino-beta-methylvalerate;(2S,3S)-alph-Amino-beta-methylvaleric acid;(2S,3S)-alpha-Amino-beta-merthyl-N-valerate;(2S,3S)-alpha-Amino-beta-merthyl-N-valeric acid;(2S,3S)-alpha-Amino-beta-merthylvalerate;(2S,3S)-alpha-Amino-beta-merthylvaleric acid;(2S,3S)-alpha-Amino-beta-methyl-N-valerate;(2S,3S)-alpha-Amino-beta-methyl-N-valeric acid;(2S,3S)-alpha-Amino-beta-methylvalerate;(2S,3S)-alpha-Amino-beta-methylvaleric acid;(S)-Isoleucine;(S,S)-Isoleucine;2-Amino-3-methylpentanoate;2-Amino-3-methylpentanoic acid;2-Amino-3-methylvalerate;2-Amino-3-methylvaleric acid;2S,3S-Isoleucine;Erythro-L-Isoleucine;Ile;Iso-leucine;Isoleucine;L-(+)-Isoleucine;L-Ile;[S-(R*,R*)]-2-Amino-3-methylpentanoate;[S-(R*,R*)]-2-Amino-3-methylpentanoic acid"
Picolinic acid,C6H5NO2,M+H,32810728.0,"InChI=1S/C6H5NO2/c8-6(9)5-3-1-2-4-7-5/h1-4H,(H,8,9)",InChIKey=SIOXPEMLGUPBBT-UHFFFAOYSA-N,1018,114.0,123.032028,3,1,9,C6H5NO2,1,50.2,0.8,1,Picolinic acid,C6H5NO2,InChIKey=SIOXPEMLGUPBBT-UHFFFAOYSA-N,123.032028409,0.22,-0.3,61.1 g/L,123.1094,OC(=O)C1=CC=CC=N1,HMDB02243,"InChI=1S/C6H5NO2/c8-6(9)5-3-1-2-4-7-5/h1-4H,(H,8,9)",3,0.99,5.53,1,-0.67,-1,11.38,50.19,30.79,1,pyridine-2-carboxylic acid,picolinic acid,"2-Carboxypyridine;2-Methoxy-5-aminopyridine;2-Picolinic acid;2-Pyridinecarboxylic acid;4,5-Dehydropipecolic acid;5-Amino-2-fluoropyridine;5-Amino-2-methoxypyridine;5-Amino-2-Pyridinecarboxylic acid;5-Aminopicolinic acid;5-Aminopyridine-2-carboxylic acid;6-Methoxy-pyridin-3-ylamine;a-Pyridinecarboxylic acid;Acide picolique;alpha-Picolinic acid;alpha-Pyridinecarboxylic acid;L-Baikiain;O-Pyridinecarboxylic acid;Phenyl-(2-pyridyl)acetonitrile;Picolinate;PLA;Pyridine-2-carboxylic acid;Pyridine-carboxylique-2;Pyridinecarboxylic acid-(2)"
Pyridoxal,C8H9NO3,M+H,194662880.0,"InChI=1S/C8H9NO3/c1-5-8(12)7(4-11)6(3-10)2-9-5/h2,4,10,12H,3H2,1H3",InChIKey=RADKZDMFGJYCBB-UHFFFAOYSA-N,1050,162.0,167.058243,4,2,12,C8H9NO3,2,70.4,0.0,1,Pyridoxal,C8H9NO3,InChIKey=RADKZDMFGJYCBB-UHFFFAOYSA-N,167.058243159,0.02,-1.2,11.7 g/L,167.162,CC1=C(O)C(C=O)=C(CO)C=N1,HMDB01545,"InChI=1S/C8H9NO3/c1-5-8(12)7(4-11)6(3-10)2-9-5/h2,4,10,12H,3H2,1H3",4,7.97,4.11,2,0.18,0,16.26,70.42,43.87,2,3-hydroxy-5-(hydroxymethyl)-2-methylpyridine-4-carbaldehyde,pyridoxal,3-Hydroxy-5-(hydroxymethyl)-2-methylpyridine-4-carboxaldehyde;Pyridoxal;Pyridoxaldehyde
L-Tyrosine,C9H11NO3,M+H,10380698.0,"InChI=1S/C9H11NO3/c10-8(9(12)13)5-6-1-3-7(11)4-2-6/h1-4,8,11H,5,10H2,(H,12,13)/t8-/m0/s1",InChIKey=OUYCCCASQSFEME-QMMMGPOBSA-N,6057,176.0,181.073893,4,3,13,C9H11NO3,3,83.6,-2.3,1,L-Tyrosine,C9H11NO3,InChIKey=OUYCCCASQSFEME-QMMMGPOBSA-N,181.073893223,-2.4,-1.4,7.67 g/L,181.1885,N[C@@H](CC1=CC=C(O)C=C1)C(O)=O,HMDB00158,"InChI=1S/C9H11NO3/c10-8(9(12)13)5-6-1-3-7(11)4-2-6/h1-4,8,11H,5,10H2,(H,12,13)/t8-/m0/s1",4,2,9.19,3,-1.5,0,18.19,83.55,47.1,3,(2S)-2-amino-3-(4-hydroxyphenyl)propanoic acid,L-tyrosine,(-)-a-Amino-p-hydroxyhydrocinnamate;(-)-a-Amino-p-hydroxyhydrocinnamic acid;(-)-alpha-Amino-p-hydroxyhydrocinnamate;(-)-alpha-Amino-p-hydroxyhydrocinnamic acid;(S)-(-)-Tyrosine;(S)-2-Amino-3-(p-hydroxyphenyl)propionate;(S)-2-Amino-3-(p-hydroxyphenyl)propionic acid;(S)-3-(p-Hydroxyphenyl)alanine;(S)-a-amino-4-hydroxy-Benzenepropanoate;(S)-a-amino-4-hydroxy-Benzenepropanoic acid;(S)-a-Amino-4-hydroxybenzenepropanoate;(S)-a-Amino-4-hydroxybenzenepropanoic acid;(S)-alpha-amino-4-hydroxy-Benzenepropanoate;(S)-alpha-amino-4-hydroxy-Benzenepropanoic acid;(S)-alpha-Amino-4-hydroxybenzenepropanoate;(S)-alpha-Amino-4-hydroxybenzenepropanoic acid;(S)-Tyrosine;2-Amino-3-(4-hydroxyphen yl)-2-amino-3-(4-hydroxyphenyl)-Propanoate;2-Amino-3-(4-hydroxyphen yl)-2-amino-3-(4-hydroxyphenyl)-Propanoic acid;3-(4-Hydroxyphenyl)-L-alanine;4-Hydroxy-L-Phenylalanine;Benzenepropanoate;Benzenepropanoic acid;L-p-Tyrosine;L-Tyrosine;p-Tyrosine;Tyr;Tyrosine
Betaine,C5H11NO2,M+H,2305870592.0,"InChI=1S/C5H11NO2/c1-6(2,3)4-5(7)8/h4H2,1-3H3",InChIKey=KWIUHFFTVRNATP-UHFFFAOYSA-N,247,87.6,117.078979,2,0,8,C5H11NO2,1,40.1,0.5,1,Betaine,C5H11NO2,InChIKey=KWIUHFFTVRNATP-UHFFFAOYSA-N,117.078978601,-2.7,-2,1.86 g/L,117.1463,C[N+](C)(C)CC([O-])=O,HMDB00043,"InChI=1S/C5H11NO2/c1-6(2,3)4-5(7)8/h4H2,1-3H3",2,2.26,,0,-4.5,0,12.11,40.13,52.82,2,2-(trimethylazaniumyl)acetate,betaine,"(Carboxymethyl)trimethylammonium hydroxide inner salt;(Trimethylammonio)acetate;1-Carboxy-N,N,N-trimethyl-Methanaminium;1-Carboxy-N,N,N-trimethyl-Methanaminium hydroxide;1-Carboxy-N,N,N-trimethylmethanaminium inner salt;a-Earleine;Abromine;alpha-Earleine;Aminocoat;Betafin;Betafin BCR;Betafin BP;Betaine;Cystadane;Ektasolve EE;FinnStim;Glycine betaine;Glycocoll betaine;Glycylbetaine;Greenstim;Loramine AMB 13;Loramine AMB-13;Lycine;N,N,N-Trimethylglycine;Oxyneurine;Rubrine C;Trimethylaminoacetate;Trimethylaminoacetic acid;Trimethylbetaine Glycine;Trimethylglycine;Trimethylglycocoll"
4-(beta-Acetylaminoethyl)imidazole,C7H11N3O,M+H,3853109504.0,"InChI=1S/C7H11N3O/c1-6(11)9-3-2-7-4-8-5-10-7/h4-5H,2-3H2,1H3,(H,8,10)(H,9,11)",InChIKey=XJWPISBUKWZALE-UHFFFAOYSA-N,69602,138.0,153.090212,2,2,11,C7H11N3O,3,57.8,-0.4,1,N-Acetylhistamine ,C7H11N3O,InChIKey=XJWPISBUKWZALE-UHFFFAOYSA-N,153.090211989,-0.18,-1.7,2.84 g/L,153.1817,CC(=O)NCCC1=CNC=N1,HMDB13253,"InChI=1S/C7H11N3O/c1-6(11)9-3-2-7-4-8-5-10-7/h4-5H,2-3H2,1H3,(H,8,10)(H,9,11)",2,13.1,6.55,2,-0.88,0,16.34,57.78,41.11,3,N-[2-(1H-imidazol-4-yl)ethyl]acetamide,N-acetylhistamine,"4-(2-Acetamidoethyl)imidazole;4-(2-Acetylaminoethyl)imidazole;4-(beta-Acetylaminoethyl)imidazole;Acetamide, N-(2-(1H-imidazol-4-yl)ethyl)- (9CI);Acetamide, N-(2-imidazol-4-ylethyl)- (8CI);Acetamide, {N-[2-(1H-imidazol-4-yl)ethyl]-};Acetylhistamine;AHN;Imidazole C-4(5) deriv. 1;N'-Acetylhistamine;N-(2-(1H-Imidazol-4-yl)ethyl)acetamide;N-(2-(1H-Imidazol-4-yl)ethyl)acetamide (ACD/Name 4.0);N-(2-(Imidazol-4-yl)ethyl)acetamide;N-(2-Imidazol-4-ylethyl)-Acetamide;N-.Omega.-acetylhistamine;N-Omega-acetyl-Histamine;N-Omega-acetylhistamine;N-[2-(1H-Imidazol-4-yl)ethyl]-Acetamide;N-[2-(1H-Imidazol-4-yl)ethyl]acetamide;N-[2-(3H-Imidazol-4-yl)ethyl]acetamide;Nomega-acetylhistamine"
1-Aminocyclopropane-1-carboxylate,C4H7NO2,M+H,7787104.0,"InChI=1S/C4H7NO2/c5-4(1-2-4)3(6)7/h1-2,5H2,(H,6,7)",InChIKey=PAJPWUMXBYXFCZ-UHFFFAOYSA-N,535,106.0,101.047678,3,2,7,C4H7NO2,1,63.3,-2.8,1,1-Aminocyclopropanecarboxylic acid,C4H7NO2,InChIKey=PAJPWUMXBYXFCZ-UHFFFAOYSA-N,101.047678473,-3,0.64,437 g/L,101.1039,NC1(CC1)C(O)=O,HMDB36458,"InChI=1S/C4H7NO2/c5-4(1-2-4)3(6)7/h1-2,5H2,(H,6,7)",3,2.2,9.35,2,-2.7,0,9.61,63.32,23.25,1,1-aminocyclopropane-1-carboxylic acid,1-aminocyclopropane-1-carboxylic acid,1-Amino-1-carboxycyclopropane;1-Amino-Cyclopropanecarboxylic acid;1-Aminocyclopropane-1-1-carboxylic acid;1-Aminocyclopropane-1-carboxylate;1-Aminocyclopropane-1-carboxylic acid;1-Aminocyclopropanecarboxylic acid hydrochloride;ACC;ACPC;alpha-Aminocyclopropane carboxylic acid;alpha-Aminocyclopropanecarboxylic acid;Aminocyclopropane carboxylic acid
L-Carnitine,C7H15NO3,M+H,392532896.0,"InChI=1S/C7H15NO3/c1-8(2,3)5-6(9)4-7(10)11/h6,9H,4-5H2,1-3H3/t6-/m1/s1",InChIKey=PHIQHXFUZVPYII-ZCFIWIBFSA-N,10917,134.0,161.105193,3,1,11,C7H15NO3,3,60.4,-0.2,1,L-Carnitine,C7H15NO3,InChIKey=PHIQHXFUZVPYII-ZCFIWIBFSA-N,161.105193351,-2.9,-1.6,5.33 g/L,161.1989,C[N+](C)(C)C[C@H](O)CC([O-])=O,HMDB00062,"InChI=1S/C7H15NO3/c1-8(2,3)5-6(9)4-7(10)11/h6,9H,4-5H2,1-3H3/t6-/m1/s1",3,4.2,-3.6,1,-4.9,0,16.9,60.36,63.49,4,(3R)-3-hydroxy-4-(trimethylazaniumyl)butanoate,L-carnitine,"(-)-(R)-3-Hydroxy-4-(trimethylammonio)butyrate;(-)-carnitine;(R)-(3-Carboxy-2-hydroxypropyl)trimethylammonium hydroxide;(R)-carnitine;(S)-carnitine;1-Carnitine;3-Carboxy-2-hydroxy-N,N,N-trimethyl-1-propanaminium;3-Hydroxy-4-trimethylammoniobutanoate;3-Hydroxy-4-trimethylammoniobutanoic acid;Bicarnesine;Carniking;Carniking 50;Carnilean;Carnipass;Carnipass 20;Carnitene;Carnitine;Carnitor;D-Carnitine;delta-Carnitine;DL-carnitine;gamma-Trimethyl-ammonium-beta-hydroxybutirate;gamma-Trimethyl-beta-hydroxybutyrobetaine;gamma-Trimethyl-hydroxybutyrobetaine;Karnitin;L-(-)-Carnitine;L-Carnitine;L-gamma-Trimethyl-beta-hydroxybutyrobetaine;Levocarnitina;Levocarnitine;Levocarnitinum;R-(-)-3-Hydroxy-4-trimethylaminobutyrate;Vitamin BT"
Menadione,C11H8O2,M+H,424662.84375,"InChI=1S/C11H8O2/c1-7-6-10(12)8-4-2-3-5-9(8)11(7)13/h2-6H,1H3",InChIKey=MJVAVZPDRWSRRC-UHFFFAOYSA-N,4055,289.0,172.052429,2,0,13,C11H8O2,0,34.1,2.2,1,Menadione,C11H8O2,InChIKey=MJVAVZPDRWSRRC-UHFFFAOYSA-N,172.0524295,1.91,-2.5,0.5 g/L,172.18,CC1=CC(=O)C2=CC=CC=C2C1=O,HMDB01892,"InChI=1S/C11H8O2/c1-7-6-10(12)8-4-2-3-5-9(8)11(7)13/h2-6H,1H3",2,12.94,-7.2,0,1.89,0,17.64,34.14,50.54,0,"2-methyl-1,4-dihydronaphthalene-1,4-dione",menadione,"2-Methyl-1,4-naftochinon;2-Methyl-1,4-naphthalendione;2-Methyl-1,4-naphthalenedione;2-Methyl-1,4-naphthochinon;2-Methyl-1,4-naphthodione;2-Methyl-1,4-naphthoquinone;2-Methylnaphthoquinone;3-Methyl-1,4-naphthoquinone;Aquakay;Aquinone;Hemodal;Juva-K;K-Thrombyl;K-Vitan;Kaergona;Kanone;Kappaxan;Kappaxin;Karcon;Kareon;Kativ-G;Kayklot;Kaykot;Kaynone;Kayquinone;Kipca;Kipca-Oil Soluble;Klottone;Koaxin;Kolklot;Menadion;Menadione;Menaphthene;Menaphthon;Menaphthone;Menaphtone;Menaquinone;Menaquinone O;Mitenon;Mitenone;MNQ;Panosine;Prokayvit;Synkay;Thyloquinone;Vitamin K0;Vitamin K2;Vitamin K3;Vitamin K3: 1,4-Dihydro-1,4-dioxo-2-methylnaphthalene"
L-Alanine,C3H7NO2,M+H,5766255.0,"InChI=1S/C3H7NO2/c1-2(4)3(5)6/h2H,4H2,1H3,(H,5,6)/t2-/m0/s1",InChIKey=QNAYBMKLOCPYGJ-REOHCLBHSA-N,5950,61.8,89.047678,3,2,6,C3H7NO2,1,63.3,-3.0,1,L-Alanine,C3H7NO2,InChIKey=QNAYBMKLOCPYGJ-REOHCLBHSA-N,89.047678473,-3,0.7,447 g/L,89.0932,C[C@H](N)C(O)=O,HMDB00161,"InChI=1S/C3H7NO2/c1-2(4)3(5)6/h2H,4H2,1H3,(H,5,6)/t2-/m0/s1",3,2.47,9.48,2,-2.8,0,8.54,63.32,20.5,1,(2S)-2-aminopropanoic acid,L-alanine,(2S)-2-Aminopropanoate;(2S)-2-Aminopropanoic acid;(S)-(+)-Alanine;(S)-2-amino-Propanoate;(S)-2-amino-Propanoic acid;(S)-2-Aminopropanoate;(S)-2-Aminopropanoic acid;(S)-Alanine;2-Aminopropanoate;2-Aminopropanoic acid;2-Aminopropionate;2-Aminopropionic acid;2-Ammoniopropanoate;2-Ammoniopropanoic acid;a-Alanine;a-Aminopropionate;a-Aminopropionic acid;Ala;Alanine;alpha-Alanine;alpha-Aminopropanoate;alpha-Aminopropanoic acid;alpha-Aminopropionate;alpha-Aminopropionic acid;L-(+)-Alanine;L-2-Aminopropanoate;L-2-Aminopropanoic acid;L-2-Aminopropionate;L-2-Aminopropionic acid;L-a-Alanine;L-a-Aminopropionate;L-a-Aminopropionic acid;L-alpha-Alanine;L-alpha-Aminopropionate;L-alpha-Aminopropionic acid
dAMP,C10H14N5O6P,M+H,978920.6875,"InChI=1S/C10H14N5O6P/c11-9-8-10(13-3-12-9)15(4-14-8)7-1-5(16)6(21-7)2-20-22(17,18)19/h3-7,16H,1-2H2,(H2,11,12,13)(H2,17,18,19)/t5-,6+,7+/m0/s1",InChIKey=KHWCHTKSEGGWEX-RRKCRQDMSA-N,12599,452.0,331.06817,10,4,22,C10H14N5O6P,4,166.0,-2.2,1,Deoxyadenosine monophosphate,C10H14N5O6P,InChIKey=KHWCHTKSEGGWEX-RRKCRQDMSA-N,331.068169717,-2.4,-2.1,2.71 g/L,331.2218,NC1=NC=NC2=C1N=CN2[C@H]1C[C@H](O)[C@@H](COP(O)(O)=O)O1,HMDB00905,"InChI=1S/C10H14N5O6P/c11-9-8-10(13-3-12-9)15(4-14-8)7-1-5(16)6(21-7)2-20-22(17,18)19/h3-7,16H,1-2H2,(H2,11,12,13)(H2,17,18,19)/t5-,6+,7+/m0/s1",9,1.23,4.98,4,-3.9,-2,28.98,165.84,72.56,4,"{[(2R,3S,5R)-5-(6-amino-9H-purin-9-yl)-3-hydroxyoxolan-2-yl]methoxy}phosphonic acid","[(2R,3S,5R)-5-(6-aminopurin-9-yl)-3-hydroxyoxolan-2-yl]methoxyphosphonic acid",2'-dAMP;2'-Deoxy-5'-adenylate;2'-Deoxy-5'-adenylic acid;2'-Deoxy-Adenosine 5'-phosphorate;2'-Deoxy-Adenosine 5'-phosphoric acid;2'-Deoxy-AMP;2'-Deoxyadenosine 5'-monophosphate;2'-Deoxyadenosine 5'-phosphate;2'-Deoxyadenosine monophosphate;2'-Deoxyadenosine-5'-monophosphate;2'-Deoxyadenosine-5'-phosphate;2'-Deoxyadenylate;2'-Deoxyadenylic acid;dAMP;Deoxy-5'-adenylate;Deoxy-5'-adenylic acid;Deoxy-AMP;Deoxyadenosine 5'-monophosphate;Deoxyadenosine 5'-phosphate;Deoxyadenosine monophosphate;Deoxyadenosine-phosphate;Deoxyadenylate;Deoxyadenylic acid;PdA
4-Aminobutanoate,C4H9NO2,M+H,34442380.0,"InChI=1S/C4H9NO2/c5-3-1-2-4(6)7/h1-3,5H2,(H,6,7)",InChIKey=BTCSSZJGUNDROE-UHFFFAOYSA-N,119,62.7,103.063329,3,2,7,C4H9NO2,3,63.3,-3.2,1,Gamma-Aminobutyric acid,C4H9NO2,InChIKey=BTCSSZJGUNDROE-UHFFFAOYSA-N,103.063328537,-3,0.55,365 g/L,103.1198,NCCCC(O)=O,HMDB00112,"InChI=1S/C4H9NO2/c5-3-1-2-4(6)7/h1-3,5H2,(H,6,7)",3,4.53,10.22,2,-2.9,0,10.62,63.32,25.46,3,4-aminobutanoic acid,gamma(amino)-butyric acid,3-Carboxypropylamine;4-Aminobutanoate;4-Aminobutanoic acid;4-Aminobutyrate;4-Aminobutyric acid;Aminalon;GABA;Gaballon;Gamarex;gamma Aminobutyrate;gamma Aminobutyric acid;gamma-Aminobutyrate;gamma-Aminobutyric acid;Gammalon;Gammalone;Gammar;Gammasol;Mielogen;Mielomade;Omega-Aminobutyrate;Omega-Aminobutyric acid;Piperidate;Piperidic acid;Piperidinate;Piperidinic acid;w-Aminobutyrate;w-Aminobutyric acid
L-homoserine,C4H9NO3,M+H,22323016.0,"InChI=1S/C4H9NO3/c5-3(1-2-6)4(7)8/h3,6H,1-2,5H2,(H,7,8)/t3-/m0/s1",InChIKey=UKAUYVFTDYCKQA-VKHMYHEASA-N,12647,83.4,119.058243,4,3,8,C4H9NO3,3,83.6,-4.4,1,L-Homoserine,C4H9NO3,InChIKey=UKAUYVFTDYCKQA-VKHMYHEASA-N,119.058243159,-3.3,0.55,423 g/L,119.1192,N[C@@H](CCO)C(O)=O,HMDB00719,"InChI=1S/C4H9NO3/c5-3(1-2-6)4(7)8/h3,6H,1-2,5H2,(H,7,8)/t3-/m0/s1",4,2.22,9.16,3,-3.8,0,11.44,83.55,26.91,3,(2S)-2-amino-4-hydroxybutanoic acid,L-homoserine,(S)-2-amino-4-hydroxy-Butanoate;(S)-2-amino-4-hydroxy-Butanoic acid;(S)-2-Amino-4-hydroxybutanoate;(S)-2-Amino-4-hydroxybutanoic acid;(S)-Homoserine;2-Amino-4-hydroxy-Butyrate;2-Amino-4-hydroxy-Butyric acid;2-Amino-4-hydroxy-L-Butyrate;2-Amino-4-hydroxy-L-Butyric acid;2-Amino-4-hydroxybutanoate;2-Amino-4-hydroxybutanoic acid;2-Amino-4-hydroxybutyrate;2-Amino-4-hydroxybutyric acid;Homoserine;L-Homoserine
AMP,C10H14N5O7P,M+H,706209.0625,"InChI=1S/C10H14N5O7P/c11-8-5-9(13-2-12-8)15(3-14-5)10-7(17)6(16)4(22-10)1-21-23(18,19)20/h2-4,6-7,10,16-17H,1H2,(H2,11,12,13)(H2,18,19,20)/t4-,6-,7-,10-/m1/s1",InChIKey=UDMBCSSLTHHNCD-KQYNXXCUSA-N,6083,481.0,347.063084,11,5,23,C10H14N5O7P,4,186.0,-3.5,1,Adenosine monophosphate,C10H14N5O7P,InChIKey=UDMBCSSLTHHNCD-KQYNXXCUSA-N,347.063084339,-3.1,-2,3.31 g/L,347.2212,NC1=NC=NC2=C1N=CN2[C@@H]1O[C@H](COP(O)(O)=O)[C@@H](O)[C@H]1O,HMDB00045,"InChI=1S/C10H14N5O7P/c11-8-5-9(13-2-12-8)15(3-14-5)10-7(17)6(16)4(22-10)1-21-23(18,19)20/h2-4,6-7,10,16-17H,1H2,(H2,11,12,13)(H2,18,19,20)/t4-,6-,7-,10-/m1/s1",10,1.23,4.97,5,-4.8,-2,29.65,186.07,74.07,4,"{[(2R,3S,4R,5R)-5-(6-amino-9H-purin-9-yl)-3,4-dihydroxyoxolan-2-yl]methoxy}phosphonic acid","[(2R,3S,4R,5R)-5-(6-aminopurin-9-yl)-3,4-dihydroxyoxolan-2-yl]methoxyphosphonic acid",5'-Adenosine monophosphate;5'-Adenylate;5'-Adenylic acid;5'-AMP;Adenosine 5'-monophosphate;Adenosine 5'-phosphate;Adenosine 5'-phosphorate;Adenosine 5'-phosphoric acid;Adenosine phosphate;Adenosine-5'-monophosphorate;Adenosine-5'-monophosphoric acid;Adenosine-5-monophosphorate;Adenosine-5-monophosphoric acid;Adenosine-monophosphate;Adenosine-phosphate;Adenovite;Adenylate;Adenylic acid;AMP;Cardiomone;Lycedan;Muscle adenylate;Muscle adenylic acid;My-B-Den;My-beta-Den;Phosaden;Phosphaden;Phosphentaside
cytosine,C4H5N3O,M+H,668072000.0,"InChI=1S/C4H5N3O/c5-3-1-2-6-4(8)7-3/h1-2H,(H3,5,6,7,8)",InChIKey=OPTASPLRGRRNAP-UHFFFAOYSA-N,597,170.0,111.043262,2,2,8,C4H5N3O,0,67.5,-1.7,1,Cytosine,C4H5N3O,InChIKey=OPTASPLRGRRNAP-UHFFFAOYSA-N,111.043261797,-0.94,-0.56,30.9 g/L,111.102,NC1=CC=NC(=O)N1,HMDB00630,"InChI=1S/C4H5N3O/c5-3-1-2-6-4(8)7-3/h1-2H,(H3,5,6,7,8)",3,9.83,3.8,2,-1.1,0,9.88,67.48,38.01,0,"6-amino-1,2-dihydropyrimidin-2-one",cytosine,"4-Amino-2(1H)-pyrimidinone;4-Amino-2-hydroxypyrimidine;4-Amino-2-oxo-1,2-dihydropyrimidine;4-Aminouracil;Cytosine;Cytosinimine"
N-Acetylornithine,C7H14N2O3,M+H,11855681.0,"InChI=1S/C7H14N2O3/c1-5(10)9-6(7(11)12)3-2-4-8/h6H,2-4,8H2,1H3,(H,9,10)(H,11,12)/t6-/m0/s1",InChIKey=JRLGPAXAGHMNOL-LURJTMIESA-N,439232,170.0,174.100442,4,3,12,C7H14N2O3,5,92.4,-4.8,1,N-Acetylornithine,C7H14N2O3,InChIKey=JRLGPAXAGHMNOL-LURJTMIESA-N,174.100442324,-2.7,-0.66,37.8 g/L,174.1977,CC(=O)N[C@@H](CCCN)C(O)=O,HMDB03357,"InChI=1S/C7H14N2O3/c1-5(10)9-6(7(11)12)3-2-4-8/h6H,2-4,8H2,1H3,(H,9,10)(H,11,12)/t6-/m0/s1",4,3.82,9.9,3,-3.6,0,17.94,92.42,42.65,5,(2S)-5-amino-2-acetamidopentanoic acid,N(2)-acetyl-L-ornithine,(2S)-2-acetamido-5-aminopentanoate;(2S)-2-acetamido-5-aminopentanoic acid;Acetyl-Ornithine;AOR;N(2)-Acetyl-L-ornithine;N2-Acetyl-L-ornithine
1-Aminopropan-2-ol,C3H9NO,M+H,629028352.0,"InChI=1S/C3H9NO/c1-3(5)2-4/h3,5H,2,4H2,1H3",InChIKey=HXKKHQJGJAFBHI-UHFFFAOYSA-N,4,22.9,75.068414,2,2,5,C3H9NO,1,46.2,-1.0,1,1-Amino-propan-2-ol,C3H9NO,InChIKey=HXKKHQJGJAFBHI-UHFFFAOYSA-N,75.068413915,-1,1,746 g/L,75.1097,CC(O)CN,HMDB12136,"InChI=1S/C3H9NO/c1-3(5)2-4/h3,5H,2,4H2,1H3",2,15.3,9.6,2,-0.9,1,8.45,46.25,20.63,1,1-aminopropan-2-ol,1-amino-2-propanol,1-Amino-2-Hydroxypropanamine;1-Aminopropan-2-ol;2-Hydroxypropylamine;Aminopropanol;Mipa;Mono-iso-propanolamine;Monoisopropanolamine;Threamine
Ala-Gly,C5H10N2O3,M+H,11377892.0,"InChI=1S/C5H10N2O3/c1-3(6)5(10)7-2-4(8)9/h3H,2,6H2,1H3,(H,7,10)(H,8,9)",InChIKey=CXISPYVYMQWFLE-UHFFFAOYSA-N,79094,146.0,146.069142,4,3,10,C5H10N2O3,3,92.4,-3.7,2,Alanylglycine,C5H10N2O3,InChIKey=CXISPYVYMQWFLE-UHFFFAOYSA-N,146.069142196,-2.9,-0.33,68.3 g/L,146.1445,CC(N)C(=O)NCC(O)=O,HMDB06899,"InChI=1S/C5H10N2O3/c1-3(6)5(10)7-2-4(8)9/h3H,2,6H2,1H3,(H,7,10)(H,8,9)",4,3.66,8.39,3,-3.9,0,13.83,92.42,33.3,3,2-(2-aminopropanamido)acetic acid,(2-aminopropanamido)acetic acid,((2-aminopropanoyl)amino)acetic acid;Ala-Gly;L-a-Alanylglycine;L-Alanylglycine;L-alpha-Alanylglycine;N-L-Alanyl-Glycine;N-L-Alanylglycine
Glycylglycine,C4H8N2O3,M+H,1689478.75,"InChI=1S/C4H8N2O3/c5-1-3(7)6-2-4(8)9/h1-2,5H2,(H,6,7)(H,8,9)",InChIKey=YMAWOPBAYDPSLA-UHFFFAOYSA-N,11163,123.0,132.053492,4,3,9,C4H8N2O3,3,92.4,-2.9,1,Glycyl-glycine,C4H8N2O3,InChIKey=YMAWOPBAYDPSLA-UHFFFAOYSA-N,132.053492132,-3.2,-0.21,82.1 g/L,132.1179,NCC(=O)NCC(O)=O,HMDB11733,"InChI=1S/C4H8N2O3/c5-1-3(7)6-2-4(8)9/h1-2,5H2,(H,6,7)(H,8,9)",4,3.52,8.14,3,-4.5,0,12.01,92.42,28.81,3,2-(2-aminoacetamido)acetic acid,gly-gly,((aminoacetyl)amino)acetic acid;alpha-Glycylglycine;Diglycine;Diglycine (van);Glycine dipeptide;N-GLYCYL- Glycine;N-Glycylglycine;[(aminoacetyl)amino]acetic acid
S-Adenosyl-L-homocysteine,C14H20N6O5S,M+H,5113387.0,"InChI=1S/C14H20N6O5S/c15-6(14(23)24)1-2-26-3-7-9(21)10(22)13(25-7)20-5-19-8-11(16)17-4-18-12(8)20/h4-7,9-10,13,21-22H,1-3,15H2,(H,23,24)(H2,16,17,18)/t6-,7+,9+,10+,13+/m0/s1",InChIKey=ZJUKTBDSGOFHSH-WFMPWKQPSA-N,439155,504.0,384.121589,11,5,26,C14H20N6O5S,7,208.0,-3.5,1,S-Adenosylhomocysteine,C14H20N6O5S,InChIKey=ZJUKTBDSGOFHSH-WFMPWKQPSA-N,384.12158847,-2.4,-2,4.08 g/L,384.411,N[C@@H](CCSC[C@H]1O[C@H]([C@H](O)[C@@H]1O)N1C=NC2=C(N)N=CN=C12)C(O)=O,HMDB00939,"InChI=1S/C14H20N6O5S/c15-6(14(23)24)1-2-26-3-7-9(21)10(22)13(25-7)20-5-19-8-11(16)17-4-18-12(8)20/h4-7,9-10,13,21-22H,1-3,15H2,(H,23,24)(H2,16,17,18)/t6-,7+,9+,10+,13+/m0/s1",10,1.81,9.5,5,-4,0,38.41,182.63,92.72,7,"(2S)-2-amino-4-({[(2S,3S,4R,5R)-5-(6-amino-9H-purin-9-yl)-3,4-dihydroxyoxolan-2-yl]methyl}sulfanyl)butanoic acid",S-adenosyl-L-homocysteine,(S)-5'-(S)-(3-Amino-3-carboxypropyl)-5'-thioadenosine;2-S-Adenosyl-L-homocysteine;5'-Deoxy-S-adenosyl-L-homocysteine;5'-S-(3-Amino-3-carboxypropyl)-5'-thio-L-Adenosine;Adenosyl-homo-CYS;Adenosyl-L-homocysteine;Adenosylhomo-CYS;Adenosylhomocysteine;Adohcy;Formycinylhomocysteine;L-5'-S-(3-Amino-3-carboxypropyl)-5'-thior-Adenosine;L-S-Adenosyl-Homocysteine;L-S-Adenosylhomocysteine;S-(5'-Adenosyl)-L-homocysteine;S-(5'-Deoxyadenosin-5'-yl)-L-homocysteine;S-(5'-Deoxyadenosine-5')-L-homocysteine;S-Adenosyl-homocysteine;S-Adenosyl-L-homocysteine;SAH
D-Glucosamine 6-phosphate,C6H14NO8P,M+H,155270.984375,"InChI=1S/C6H14NO8P/c7-3-5(9)4(8)2(15-6(3)10)1-14-16(11,12)13/h2-6,8-10H,1,7H2,(H2,11,12,13)/t2-,3-,4-,5-,6+/m1/s1",InChIKey=XHMJOUIAFHJHBW-UKFBFLRUSA-N,439217,282.0,259.045703,9,6,16,C6H14NO8P,3,163.0,-6.8,1,Glucosamine 6-phosphate,C6H14NO8P,InChIKey=XHMJOUIAFHJHBW-UKFBFLRUSA-N,259.045702941,-2.6,-0.87,34.8 g/L,259.151,N[C@H]1[C@@H](O)O[C@H](COP(O)(O)=O)[C@@H](O)[C@@H]1O,HMDB01254,"InChI=1S/C6H14NO8P/c7-3-5(9)4(8)2(15-6(3)10)1-14-16(11,12)13/h2-6,8-10H,1,7H2,(H2,11,12,13)/t2-,3-,4-,5-,6+/m1/s1",8,1.22,8.23,6,-4.2,-1,20.95,162.7,48.45,3,"{[(2R,3S,4R,5R,6S)-5-amino-3,4,6-trihydroxyoxan-2-yl]methoxy}phosphonic acid","[(2R,3S,4R,5R,6S)-5-amino-3,4,6-trihydroxyoxan-2-yl]methoxyphosphonic acid","2-Amino-2-deoxy-D-glucose 6-phosphate;2-Amino-2-deoxyglucose 6-phosphate;2-Amino-D-glucose-6-phosphate;D-Glucosamine 6-phosphate;D-Glucosamine phosphate;D-Glucosamine-6-phosphate;Glucosamine 6 -phosphate;Glucosamine 6-Phosphate;Glucosamine-6-P;Glucosamine-6-phosphate;Glucose-6-phosphorate;Glucose-6-phosphoric acid;Phosphoric acid mono-((2R,3S,4R,5R)-5-amino-2,3,4-trihydroxy-6-oxo-hexyl) ester"
N(pi)-Methyl-L-histidine,C7H11N3O2,M+H,125733048.0,"InChI=1S/C7H11N3O2/c1-10-4-9-3-5(10)2-6(8)7(11)12/h3-4,6H,2,8H2,1H3,(H,11,12)/t6-/m0/s1",InChIKey=JDHILDINMRGULE-LURJTMIESA-N,64969,174.0,169.085127,4,2,12,C7H11N3O2,3,81.1,-3.3,1,3-Methylhistidine,C7H11N3O2,InChIKey=JDHILDINMRGULE-LURJTMIESA-N,169.085126611,-2.9,-1.4,6.93 g/L,169.1811,CN1C=NC=C1C[C@H](N)C(O)=O,HMDB00479,"InChI=1S/C7H11N3O2/c1-10-4-9-3-5(10)2-6(8)7(11)12/h3-4,6H,2,8H2,1H3,(H,11,12)/t6-/m0/s1",4,1.96,9.43,2,-3.4,0,16.58,81.14,42.96,3,(2S)-2-amino-3-(1-methyl-1H-imidazol-5-yl)propanoic acid,3-methylhistidine,(2S)-2-amino-3-(1-methyl-1H-imidazol-5-yl)propanoate;(2S)-2-amino-3-(1-methyl-1H-imidazol-5-yl)propanoic acid;3-Methyl-L-histidine;3-Methylhistidine;3-N-Methyl-L-histidine;L-3-Methylhistidine;N(Pai)-Methyl-L-histidine;N(Pi)-methyl-L-histidine;N(Pros)-methyl-L-histidine;N3-Methyl-L-histidine;Pi-Methyl-L-histidine;Tau-Methyl-L-histidine;Tau-methylhistidine
Thiopurine S-methylether,C6H6N4S,M+H,1295526400.0,"InChI=1S/C6H6N4S/c1-11-6-4-5(8-2-7-4)9-3-10-6/h2-3H,1H3,(H,7,8,9,10)",InChIKey=UIJIQXGRFSPYQW-UHFFFAOYSA-N,5778,143.0,166.031317,4,1,11,C6H6N4S,1,79.8,1.1,1,6-Methylmercaptopurine,C6H6N4S,InChIKey=UIJIQXGRFSPYQW-UHFFFAOYSA-N,166.031316902,0.64,-1.7,3.6 g/L,166.204,CSC1=NC=NC2=C1N=CN2,HMDB60412,"InChI=1S/C6H6N4S/c1-11-6-4-5(8-2-7-4)9-3-10-6/h2-3H,1H3,(H,7,8,9,10)",3,9.92,4.71,1,0.93,0,16,54.46,44.66,1,6-(methylsulfanyl)-9H-purine,6-methylthiopurine,
L-Ornithine,C5H12N2O2,M+H,275579.6875,"InChI=1S/C5H12N2O2/c6-3-1-2-4(7)5(8)9/h4H,1-3,6-7H2,(H,8,9)/t4-/m0/s1",InChIKey=AHLPHDHHMVZTML-BYPYZUCNSA-N,6262,95.0,132.089878,4,3,9,C5H12N2O2,4,89.3,-4.4,1,Ornithine,C5H12N2O2,InChIKey=AHLPHDHHMVZTML-BYPYZUCNSA-N,132.089877638,-3.6,0.11,172 g/L,132.161,NCCC[C@H](N)C(O)=O,HMDB00214,"InChI=1S/C5H12N2O2/c6-3-1-2-4(7)5(8)9/h4H,1-3,6-7H2,(H,8,9)/t4-/m0/s1",4,2.67,10.29,3,-3.7,1,13.94,89.34,33.21,4,"(2S)-2,5-diaminopentanoic acid",L-ornithine,"(+)-S-Ornithine;(S)-2,5-Diaminopentanoate;(S)-2,5-Diaminopentanoic acid;(S)-a,D-Diaminovalerate;(S)-a,D-Diaminovaleric acid;(S)-Ornithine;5-Amino-L-Norvaline;L-(-)-Ornithine;L-Ornithine"
Dopamine,C8H11NO2,M+H,623460.5625,"InChI=1S/C8H11NO2/c9-4-3-6-1-2-7(10)8(11)5-6/h1-2,5,10-11H,3-4,9H2",InChIKey=VYFYYTLLBUKUHU-UHFFFAOYSA-N,681,119.0,153.078979,3,3,11,C8H11NO2,2,66.5,-1.0,1,Dopamine,C8H11NO2,InChIKey=VYFYYTLLBUKUHU-UHFFFAOYSA-N,153.078978601,-0.4,-1.3,7.43 g/L,153.1784,NCCC1=CC=C(O)C(O)=C1,HMDB00073,"InChI=1S/C8H11NO2/c9-4-3-6-1-2-7(10)8(11)5-6/h1-2,5,10-11H,3-4,9H2",3,10.01,9.27,3,0.03,1,16.21,66.48,43.25,2,"4-(2-aminoethyl)benzene-1,2-diol",dopamine,"2-(3,4-Dihydroxyphenyl)ethylamine;3,4-Dihydroxyphenethylamine;3,4-Dihydroxyphenylethylamine;3-Hydroxytyramine;4-(2-Aminoethyl)-1,2-benzenediol;4-(2-Aminoethyl)-Pyrocatechol;4-(2-Aminoethyl)catechol;4-(2-Aminoethyl)pyrocatechol;a-(3,4-Dihydroxyphenyl)-b-aminoethane;alpha-(3,4-Dihydroxyphenyl)-beta-aminoethane;Deoxyepinephrine;Dopamin;Dopamine;Dopaminum;Dopastat;Dophamine;Dynatra;Hydroxytyramin;Hydroxytyramine;Intropin;Oxytyramine;Revivan"
Phenylacetylglycine,C10H11NO3,M+H,247574416.0,"InChI=1S/C10H11NO3/c12-9(11-7-10(13)14)6-8-4-2-1-3-5-8/h1-5H,6-7H2,(H,11,12)(H,13,14)",InChIKey=UTYVDVLMYQPLQB-UHFFFAOYSA-N,68144,209.0,193.073893,3,2,14,C10H11NO3,4,66.4,0.7,1,Phenylacetylglycine,C10H11NO3,InChIKey=UTYVDVLMYQPLQB-UHFFFAOYSA-N,193.073893223,0.51,-2.5,0.66 g/L,193.1992,OC(=O)CNC(=O)CC1=CC=CC=C1,HMDB00821,"InChI=1S/C10H11NO3/c12-9(11-7-10(13)14)6-8-4-2-1-3-5-8/h1-5H,6-7H2,(H,11,12)(H,13,14)",3,3.99,-2.8,2,0.51,-1,19.09,66.4,50.17,4,2-(2-phenylacetamido)acetic acid,phenylacetylglycine,((phenylacetyl)amino)acetic acid;N-(Phenylacetyl)-Glycine;N-(Phenylacetyl)glycine;N-Phenacetylglycine;N-Phenylacetylglycine;PAA;PAG;Phenaceturate;Phenaceturic acid;Phenacetylglycine;Phenylacetyl glycine;[(Phenylacetyl)amino]acetate;[(Phenylacetyl)amino]acetic acid
Biotin,C10H16N2O3S,M+H,331790.03125,"InChI=1S/C10H16N2O3S/c13-8(14)4-2-1-3-7-9-6(5-16-7)11-10(15)12-9/h6-7,9H,1-5H2,(H,13,14)(H2,11,12,15)/t6-,7-,9-/m0/s1",InChIKey=YBJHBAHKTGYVGT-ZKWXMUAHSA-N,171548,298.0,244.088163,4,3,16,C10H16N2O3S,5,104.0,0.3,1,Biotin,C10H16N2O3S,InChIKey=YBJHBAHKTGYVGT-ZKWXMUAHSA-N,244.088163078,0.17,-2.3,1.22 g/L,244.311,[H][C@]12CS[C@@H](CCCCC(O)=O)[C@@]1([H])NC(=O)N2,HMDB00030,"InChI=1S/C10H16N2O3S/c13-8(14)4-2-1-3-7-9-6(5-16-7)11-10(15)12-9/h6-7,9H,1-5H2,(H,13,14)(H2,11,12,15)/t6-,7-,9-/m0/s1",3,4.4,-1.9,3,0.32,-1,24.92,78.43,60.05,5,"5-[(3aS,4S,6aR)-2-oxo-hexahydro-1H-thieno[3,4-d]imidazolidin-4-yl]pentanoic acid",biotin,"(+)-Biotin;(+)-cis-Hexahydro-2-oxo-1H-thieno[3,4]imidazole-4-valerate;(+)-cis-Hexahydro-2-oxo-1H-thieno[3,4]imidazole-4-valeric acid;(3aS,4S,6aR)-Hexahydro-2-oxo-1H-thieno[3,4-D]imidazole-4-valerate;(3aS,4S,6aR)-Hexahydro-2-oxo-1H-thieno[3,4-D]imidazole-4-valeric acid;-(+)-biotin;1swk;1swn;1swr;5-(2-Oxohexahydro-1H-thieno[3,4-D]imidazol-4-yl)pentanoate;5-(2-Oxohexahydro-1H-thieno[3,4-D]imidazol-4-yl)pentanoic acid;Biodermatin;Bioepiderm;Bios h;Bios II;Biotin;cis-(+)-Tetrahydro-2-oxothieno[3,4]imidazoline-4-valerate;cis-(+)-Tetrahydro-2-oxothieno[3,4]imidazoline-4-valeric acid;cis-Hexahydro-2-oxo-1H-thieno(3,4)imidazole-4-valeric acid;cis-Tetrahydro-2-oxothieno(3,4-D)imidazoline-4-valeric acid;Coenzyme R;D(+)-Biotin;D-(+)-Biotin;D-Biotin;D-Biotin factor S;delta-(+)-Biotin;delta-Biotin;delta-Biotin factor S;Factor S;Factor S (vitamin);Hexahydro-2-oxo-1H-thieno(3,4-D)imidazole-4-pentanoate;Hexahydro-2-oxo-1H-thieno(3,4-D)imidazole-4-pentanoic acid;Hexahydro-2-oxo-[3aS-(3aa,4b,6aa)]-1H-Thieno[3,4-D]imidazole-4-pentanoate;Hexahydro-2-oxo-[3aS-(3aa,4b,6aa)]-1H-Thieno[3,4-D]imidazole-4-pentanoic acid;Hexahydro-2-oxo-[3as-(3alpha,4beta,6alpha)]-1H-Thieno[3,4-D]imidazole-4-pentanoate;Hexahydro-2-oxo-[3as-(3alpha,4beta,6alpha)]-1H-Thieno[3,4-D]imidazole-4-pentanoic acid;Lutavit H2;Meribin;Rovimix H 2;Vitamin B7;Vitamin H;Vitamin-h"
Phenylpyruvate,C9H8O3,M+H,827050.4375,"InChI=1S/C9H8O3/c10-8(9(11)12)6-7-4-2-1-3-5-7/h1-5H,6H2,(H,11,12)",InChIKey=BTNMPGBKDVTSJY-UHFFFAOYSA-N,997,180.0,164.047344,3,1,12,C9H8O3,3,54.4,1.3,2,Phenylpyruvic acid,C9H8O3,InChIKey=BTNMPGBKDVTSJY-UHFFFAOYSA-N,164.047344122,1.3,-2.2,0.93 g/L,164.158,OC(=O)C(=O)CC1=CC=CC=C1,HMDB00205,"InChI=1S/C9H8O3/c10-8(9(11)12)6-7-4-2-1-3-5-7/h1-5H,6H2,(H,11,12)",3,3.33,-9.8,1,1.9,-1,15.77,54.37,42.71,3,2-oxo-3-phenylpropanoic acid,3-phenylpyruvic acid,2-Oxo-3-phenylpropanoate;2-Oxo-3-phenylpropanoic acid;3-Phenyl-2-oxopropanoate;3-Phenyl-2-oxopropanoic acid;3-Phenylpyruvate;3-Phenylpyruvic acid;alpha-Ketohydrocinnamate;alpha-Ketohydrocinnamic acid;b-Phenylpyruvate;b-Phenylpyruvic acid;beta-Phenylpyruvate;beta-Phenylpyruvic acid;Keto-Phenylpyruvate;Phenylpyroracemate;Phenylpyroracemic acid;Phenylpyruvate
N-Acetylglutamine,C7H12N2O4,M+H,390619584.0,"InChI=1S/C7H12N2O4/c1-4(10)9-5(7(12)13)2-3-6(8)11/h5H,2-3H2,1H3,(H2,8,11)(H,9,10)(H,12,13)",InChIKey=KSMRODHGGIIXDV-UHFFFAOYSA-N,25561,227.0,188.079707,4,3,13,C7H12N2O4,5,110.0,-1.4,1,N-Acetylglutamine,C7H12N2O4,InChIKey=KSMRODHGGIIXDV-UHFFFAOYSA-N,188.079706882,-2.2,-0.93,21.9 g/L,188.1812,CC(=O)NC(CCC(N)=O)C(O)=O,HMDB06029,"InChI=1S/C7H12N2O4/c1-4(10)9-5(7(12)13)2-3-6(8)11/h5H,2-3H2,1H3,(H2,8,11)(H,9,10)(H,12,13)",4,3.76,-0.75,3,-1.9,-1,17.66,109.49,42.55,5,4-carbamoyl-2-acetamidobutanoic acid,aceglutamide,Aceglutamid;Aceglutamide;Acetylglutamine;alpha-N-Acetyl-L-glutamine;L-2-Acetamidoglutaramic acid;L-N2-acetyl-Glutamine;N-Acetyl-L-glutamine;N2-Acetyl-L-glutamine;N2-acetylglutamine
thymine,C5H6N2O2,M+H,1049685.125,"InChI=1S/C5H6N2O2/c1-3-2-6-5(9)7-4(3)8/h2H,1H3,(H2,6,7,8,9)",InChIKey=RWQNBRDOKXIBIV-UHFFFAOYSA-N,1135,195.0,126.042927,2,2,9,C5H6N2O2,0,58.2,-0.6,1,Thymine,C5H6N2O2,InChIKey=RWQNBRDOKXIBIV-UHFFFAOYSA-N,126.042927446,-0.99,-1.1,10.8 g/L,126.1133,CC1=CNC(=O)NC1=O,HMDB00262,"InChI=1S/C5H6N2O2/c1-3-2-6-5(9)7-4(3)8/h2H,1H3,(H2,6,7,8,9)",2,10.02,-5,2,-0.46,0,11.42,58.2,30.33,0,"5-methyl-1,2,3,4-tetrahydropyrimidine-2,4-dione",thymine,"2,4-Dihydroxy-5-methylpyrimidine;4-Hydroxy-5-methylpyrimidin-2(1H)-one;5-Methyl-1,2,3,4-tetrahydropyrimidine-2,4-dione;5-Methyl-2,4(1H,3H)-pyrimidinedione;5-Methyl-2,4-dihydroxypyrimidine;5-Methylpyrimidine-2,4-dione;5-Methyluracil;Thymine"
Uracil,C4H4N2O2,M+H,308348.28125,"InChI=1S/C4H4N2O2/c7-3-1-2-5-4(8)6-3/h1-2H,(H2,5,6,7,8)",InChIKey=ISAKRJDGNUQOIC-UHFFFAOYSA-N,1174,161.0,112.027277,2,2,8,C4H4N2O2,0,58.2,-1.1,1,Uracil,C4H4N2O2,InChIKey=ISAKRJDGNUQOIC-UHFFFAOYSA-N,112.027277382,-1.2,-0.63,26.5 g/L,112.0868,O=C1NC=CC(=O)N1,HMDB00300,"InChI=1S/C4H4N2O2/c7-3-1-2-5-4(8)6-3/h1-2H,(H2,5,6,7,8)",2,9.77,-5.5,2,-0.86,0,9.37,58.2,25.97,0,"1,2,3,4-tetrahydropyrimidine-2,4-dione",uracil,"2,4-Dihydroxypyrimidine;2,4-Dioxopyrimidine;2,4-Pyrimidinediol;2,4-Pyrimidinedione;Hybar X;Pirod;Pyrod;Uracil"
