Name,Annotation,Short Name,InChI,MH+ Fragment,MH+ Isotope,fragment/isotope,MV,logD,abs_mob,zeff,RRF_Measured,RRF_Predicted,InChI_Key,Match,GENERIC_NAME,CHEMICAL_FORMULA,INCHI_KEY,EXACT_MASS,ALOGPS_LOGP,ALOGPS_LOGS,ALOGPS_SOLUBILITY,MOLECULAR_WEIGHT,SMILES,HMDB_ID,INCHI_IDENTIFIER,JCHEM_ACCEPTOR_COUNT,JCHEM_ACIDIC_PKA,JCHEM_BASIC_PKA,JCHEM_DONOR_COUNT,JCHEM_LOGP,JCHEM_PHYSIOLOGICAL_CHARGE,JCHEM_POLARIZABILITY,JCHEM_POLAR_SURFACE_AREA,JCHEM_REFRACTIVITY,JCHEM_ROTATABLE_BOND_COUNT,IUPAC_NAME,TRADITIONAL_IUPAC_NAME,SYNONYMS
L-Alanine ,a,Ala ,"InChI=1S/C3H7NO2/c1-2(4)3(5)6/h2H,4H2,1H3,(H,5,6)/t2-/m0/s1",90,,,70.3,-2.79,3.14,0.764,0.0595,-1.36,InChIKey=QNAYBMKLOCPYGJ-REOHCLBHSA-N,1,L-Alanine,C3H7NO2,InChIKey=QNAYBMKLOCPYGJ-REOHCLBHSA-N,89.047678473,-3,0.7,447 g/L,89.0932,C[C@H](N)C(O)=O,HMDB00161,"InChI=1S/C3H7NO2/c1-2(4)3(5)6/h2H,4H2,1H3,(H,5,6)/t2-/m0/s1",3,2.47,9.48,2,-2.8,0,8.54,63.32,20.5,1,(2S)-2-aminopropanoic acid,L-alanine,(2S)-2-Aminopropanoate;(2S)-2-Aminopropanoic acid;(S)-(+)-Alanine;(S)-2-amino-Propanoate;(S)-2-amino-Propanoic acid;(S)-2-Aminopropanoate;(S)-2-Aminopropanoic acid;(S)-Alanine;2-Aminopropanoate;2-Aminopropanoic acid;2-Aminopropionate;2-Aminopropionic acid;2-Ammoniopropanoate;2-Ammoniopropanoic acid;a-Alanine;a-Aminopropionate;a-Aminopropionic acid;Ala;Alanine;alpha-Alanine;alpha-Aminopropanoate;alpha-Aminopropanoic acid;alpha-Aminopropionate;alpha-Aminopropionic acid;L-(+)-Alanine;L-2-Aminopropanoate;L-2-Aminopropanoic acid;L-2-Aminopropionate;L-2-Aminopropionic acid;L-a-Alanine;L-a-Aminopropionate;L-a-Aminopropionic acid;L-alpha-Alanine;L-alpha-Aminopropionate;L-alpha-Aminopropionic acid
β-Alanine,a,β-Ala,"InChI=1S/C3H7NO2/c4-2-1-3(5)6/h1-2,4H2,(H,5,6)",90,,,70.4,-3.01,4.14,0.995,0.0503,-1.27,InChIKey=UCMIRNVEIXFBKS-UHFFFAOYSA-N,1,Beta-Alanine,C3H7NO2,InChIKey=UCMIRNVEIXFBKS-UHFFFAOYSA-N,89.047678473,-3.3,0.74,494 g/L,89.0932,NCCC(O)=O,HMDB00056,"InChI=1S/C3H7NO2/c4-2-1-3(5)6/h1-2,4H2,(H,5,6)",3,4.08,10.31,2,-3.2,0,8.62,63.32,20.7,2,3-aminopropanoic acid,β-alanine,2-Carboxyethylamine;3-Amino-Propanoate;3-Amino-Propanoic acid;3-Aminopropanoate;3-Aminopropanoic acid;3-Aminopropionate;3-Aminopropionic acid;Abufene;B-Alanine;b-Aminopropanoate;b-Aminopropanoic acid;b-Aminopropionate;b-Aminopropionic acid;beta Alanine;beta-Alanine;beta-Aminopropanoate;beta-Aminopropanoic acid;beta-Aminopropionate;beta-Aminopropionic acid;Omega-Aminopropionate;Omega-Aminopropionic acid
γ-Aminobutyric acid,a,GABA,"InChI=1S/C4H9NO2/c5-3-1-2-4(6)7/h1-3,5H2,(H,6,7)",104,,,89.2,-3.1,0.000409,1.0,0.0903,-0.476,InChIKey=BTCSSZJGUNDROE-UHFFFAOYSA-N,1,Gamma-Aminobutyric acid,C4H9NO2,InChIKey=BTCSSZJGUNDROE-UHFFFAOYSA-N,103.063328537,-3,0.55,365 g/L,103.1198,NCCCC(O)=O,HMDB00112,"InChI=1S/C4H9NO2/c5-3-1-2-4(6)7/h1-3,5H2,(H,6,7)",3,4.53,10.22,2,-2.9,0,10.62,63.32,25.46,3,4-aminobutanoic acid,gamma(amino)-butyric acid,3-Carboxypropylamine;4-Aminobutanoate;4-Aminobutanoic acid;4-Aminobutyrate;4-Aminobutyric acid;Aminalon;GABA;Gaballon;Gamarex;gamma Aminobutyrate;gamma Aminobutyric acid;gamma-Aminobutyrate;gamma-Aminobutyric acid;Gammalon;Gammalone;Gammar;Gammasol;Mielogen;Mielomade;Omega-Aminobutyrate;Omega-Aminobutyric acid;Piperidate;Piperidic acid;Piperidinate;Piperidinic acid;w-Aminobutyrate;w-Aminobutyric acid
Histamine,,HisN,"InChI=1S/C5H9N3/c6-2-1-5-3-7-4-8-5/h3-4H,1-2,6H2,(H,7,8)",112,,,98.5,-2.31,0.000736,2.0,0.111,0.615,InChIKey=NTYJJOPFIAHURM-UHFFFAOYSA-N,2,Histamine,C5H9N3,InChIKey=NTYJJOPFIAHURM-UHFFFAOYSA-N,111.079647303,-0.69,0.18,169 g/L,111.1451,NCCC1=CNC=N1,HMDB00870,"InChI=1S/C5H9N3/c6-2-1-5-3-7-4-8-5/h3-4H,1-2,6H2,(H,7,8)",2,14.46,9.58,2,-0.7,1,12.08,54.7,31.66,2,2-(1H-imidazol-4-yl)ethan-1-amine,histamine,1H-Imidazole-4-ethanamine;2-(1H-Imidazol-4-yl)ethanamine;2-(1H-Imidazol-4-yl)ethylamine;2-(1H-Imidazol-5-yl)ethanamine;2-(1H-Imidazol-5-yl)ethylamine;2-(4-Imidazolyl)ethanamine;2-(4-Imidazolyl)ethylamine;2-Imidazol-4-yl-Ethylamine;2-Imidazol-4-ylethylamine;4-(2-Aminoethyl)-1H-imidazole;4-(2-Aminoethyl)imidazole;4-Imidazoleethylamine;5-Imidazoleethylamine;b-Imidazolyl-4-ethylamine;beta-Aminoethylglyoxaline;beta-Aminoethylimidazole;beta-Aminothethylglyoxaline;beta-Imidazolyl-4-ethylamine;Eramin;Ergamine;Ergotidine;Free histamine;Histamine;HSM;L-Histamin base;L-Histamine;Theramine
Creatine,a,Crea,"InChI=1S/C4H9N3O2/c1-7(4(5)6)2-3(8)9/h2H2,1H3,(H3,5,6)(H,8,9)",114,,,88.3,-1.76,0.000449,1.0,0.229,-0.0944,InChIKey=CVSVTCORWBXHQV-UHFFFAOYSA-N,1,Creatine,C4H9N3O2,InChIKey=CVSVTCORWBXHQV-UHFFFAOYSA-N,131.069476547,-1.6,-1.5,4.11 g/L,131.1332,CN(CC(O)=O)C(N)=N,HMDB00064,"InChI=1S/C4H9N3O2/c1-7(4(5)6)2-3(8)9/h2H2,1H3,(H3,5,6)(H,8,9)",5,3.5,12.43,3,-2.9,0,12.2,90.41,42.01,2,2-(1-methylcarbamimidamido)acetic acid,creatine,((amino(imino)methyl)(methyl)amino)acetate;((amino(imino)methyl)(methyl)amino)acetic acid;(alpha-Methylguanido)acetate;(alpha-Methylguanido)acetic acid;Cosmocair C 100;Creatin;Creatine;Creatine hydrate;Kreatin;Krebiozon;Methylguanidoacetate;Methylguanidoacetic acid;N-(Aminoiminomethyl)-N-Methyl-Glycine;N-Methyl-N-guanylglycine;Phosphagen;[[Amino(imino)methyl](methyl)amino]acetate;[[Amino(imino)methyl](methyl)amino]acetic acid
L-Valine,,Val,"InChI=1S/C5H11NO2/c1-3(2)4(6)5(7)8/h3-4H,6H2,1-2H3,(H,7,8)/t4-/m0/s1",118,,,107.0,-2.3,0.000232,0.764,0.188,0.263,InChIKey=KZSNJWFQEVHDMF-BYPYZUCNSA-N,1,L-Valine,C5H11NO2,InChIKey=KZSNJWFQEVHDMF-BYPYZUCNSA-N,117.078978601,-2.3,0.26,214 g/L,117.1463,CC(C)[C@H](N)C(O)=O,HMDB00883,"InChI=1S/C5H11NO2/c1-3(2)4(6)5(7)8/h3-4H,6H2,1-2H3,(H,7,8)/t4-/m0/s1",3,2.72,9.6,2,-2,0,12.28,63.32,29.49,2,(2S)-2-amino-3-methylbutanoic acid,L-valine,(2S)-2-Amino-3-methylbutanoate;(2S)-2-Amino-3-methylbutanoic acid;(S)-2-amino-3-methyl-Butanoate;(S)-2-amino-3-methyl-Butanoic acid;(S)-2-Amino-3-methylbutanoate;(S)-2-Amino-3-methylbutanoic acid;(S)-2-Amino-3-methylbutyrate;(S)-2-Amino-3-methylbutyric acid;(S)-a-Amino-b-methylbutyrate;(S)-a-Amino-b-methylbutyric acid;(S)-alpha-Amino-beta-methylbutyrate;(S)-alpha-Amino-beta-methylbutyric acid;(S)-Valine;2-Amino-3-methylbutanoate;2-Amino-3-methylbutanoic acid;2-Amino-3-methylbutyrate;2-Amino-3-methylbutyric acid;L-(+)-a-Aminoisovalerate;L-(+)-a-Aminoisovaleric acid;L-(+)-alpha-Aminoisovalerate;L-(+)-alpha-Aminoisovaleric acid;L-a-Amino-b-methylbutyrate;L-a-Amino-b-methylbutyric acid;L-alpha-Amino-beta-methylbutyrate;L-alpha-Amino-beta-methylbutyric acid;L-Valine;Valine
L-Threonine,a,Thr,"InChI=1S/C4H9NO3/c1-2(6)3(5)4(7)8/h2-3,6H,5H2,1H3,(H,7,8)/t2-,3+/m1/s1",120,,,93.2,-2.92,0.000449,0.691,0.264,-0.487,InChIKey=AYFVYJQAPQTCCC-GBXIJSLDSA-N,1,L-Threonine,C4H9NO3,InChIKey=AYFVYJQAPQTCCC-GBXIJSLDSA-N,119.058243159,-3,0.6,477 g/L,119.1192,C[C@@H](O)[C@H](N)C(O)=O,HMDB00167,"InChI=1S/C4H9NO3/c1-2(6)3(5)4(7)8/h2-3,6H,5H2,1H3,(H,7,8)/t2-,3+/m1/s1",4,2.21,9,3,-3.5,0,11.25,83.55,26.46,2,"(2S,3R)-2-amino-3-hydroxybutanoic acid",L-threonine,"(2S,3R)-(-)-Threonine;(2S,3R)-2-Amino-3-hydroxybutyrate;(2S,3R)-2-Amino-3-hydroxybutyric acid;(R-(R*,S*))-2-Amino-3-hydroxybutanoate;(R-(R*,S*))-2-Amino-3-hydroxybutanoic acid;(S)-Threonine;2-Amino-3-hydroxybutanoate;2-Amino-3-hydroxybutanoic acid;2-Amino-3-hydroxybutyrate;2-Amino-3-hydroxybutyric acid;L-(-)-Threonine;L-2-Amino-3-hydroxybutyrate;L-2-Amino-3-hydroxybutyric acid;L-alpha-Amino-beta-hydroxybutyrate;L-alpha-Amino-beta-hydroxybutyric acid;Threonin;Threonine;[R-(R*,S*)]-2-amino-3-hydroxy-Butanoate;[R-(R*,S*)]-2-amino-3-hydroxy-Butanoic acid;[R-(R*,S*)]-2-Amino-3-hydroxybutanoate;[R-(R*,S*)]-2-Amino-3-hydroxybutanoic acid"
Nicotinamide,,NAm,"InChI=1S/C6H6N2O/c7-6(9)5-2-1-3-8-4-5/h1-4H,(H2,7,9)",123,,,94.6,0.4,0.000439,1.0,0.322,0.755,InChIKey=DFPAKSUCGFBDDF-UHFFFAOYSA-N,1,Niacinamide,C6H6N2O,InChIKey=DFPAKSUCGFBDDF-UHFFFAOYSA-N,122.048012824,-0.45,-0.39,50.1 g/L,122.1246,NC(=O)C1=CN=CC=C1,HMDB01406,"InChI=1S/C6H6N2O/c7-6(9)5-2-1-3-8-4-5/h1-4H,(H2,7,9)",2,13.39,3.63,1,-0.39,0,11.71,55.98,32.98,1,pyridine-3-carboxamide,nicotinamide,3-Carbamoylpyridine;3-Pyridinecarboxamide;3-Pyridinecarboxylic acid amide;Acid amide;Amid kyseliny nikotinove;Amide PP;Aminicotin;Amixicotyn;Amnicotin;Austrovit PP;b-Pyridinecarboxamide;Benicot;beta-Pyridinecarboxamide;Delonin Amide;Dipegyl;Dipigyl;Endobion;Factor pp;Hansamid;Inovitan PP;m-(Aminocarbonyl)pyridine;Mediatric;NAM;Nandervit-N;Niacevit;Niacinamide;Niamide;Niavit PP;Nicamide;Nicamina;Nicamindon;Nicasir;Nicobion;Nicofort;Nicogen;Nicomidol;Nicosan 2;Nicosylamide;Nicota;Nicotamide;Nicotilamide;Nicotililamido;Nicotinamida;Nicotinamide;Nicotinamidum;Nicotine acid amide;Nicotine amide;Nicotinic acid amide;Nicotinic amide;Nicotinsaureamid;Nicotol;Nicotylamide;Nicotylamidum;Nicovel;Nicovit;Nicovitina;Nicovitol;Nicozymin;Nictoamide;Niko-tamin;Nikotinamid;Nikotinsaeureamid;Niocinamide;Niozymin;Papulex;Pelmin;Pelmine;Pelonin amide;PP-Faktor;Propamine A;Pyridine-3-carboxylic acid amide;Savacotyl;Vi-Nicotyl;Vi-noctyl;Vitamin B3;Vitamin PP;Witamina PP
Nicotinic acid,,NA,"InChI=1S/C6H5NO2/c8-6(9)5-2-1-3-7-4-5/h1-4H,(H,8,9)",124,,,94.4,0.39,0.000298,0.759,0.25,0.543,InChIKey=PVNIIMVLHYAWGP-UHFFFAOYSA-N,1,Nicotinic acid,C6H5NO2,InChIKey=PVNIIMVLHYAWGP-UHFFFAOYSA-N,123.032028409,0.29,-0.17,83.1 g/L,123.1094,OC(=O)C1=CN=CC=C1,HMDB01488,"InChI=1S/C6H5NO2/c8-6(9)5-2-1-3-7-4-5/h1-4H,(H,8,9)",3,2.79,4.19,1,-0.17,-1,11.29,50.19,31.16,1,pyridine-3-carboxylic acid,niacin,3-Carboxylpyridine;3-Carboxypyridine;3-Pyridinecarboxylate;3-Pyridinecarboxylic acid;3-Pyridylcarboxylate;3-Pyridylcarboxylic acid;Akotin;Apelagrin;Daskil;Efacin;Enduracin;Linic;Niac;Niacin;Niacine;Niacor;Nicacid;Nicamin;Nicangin;Nico-Span;Nicobid;Nicocap;Nicodelmine;Nicolar;Niconacid;Nicosan 3;Nicotinate;Nicotinic acid;Nicotinipca;Nicyl;Nyclin;Pellagrin;Pelonin;Slo-niacin;Wampocap
L-Leucine,,Leu,"InChI=1S/C6H13NO2/c1-4(2)3-5(7)6(8)9/h4-5H,3,7H2,1-2H3,(H,8,9)/t5-/m0/s1",132,86,5:2,124.0,-1.52,0.000249,0.78,1.61,1.25,InChIKey=ROHFNLRQFUQHCH-YFKPBYRVSA-N,1,L-Leucine,C6H13NO2,InChIKey=ROHFNLRQFUQHCH-YFKPBYRVSA-N,131.094628665,-1.8,-0.27,69.8 g/L,131.1729,CC(C)C[C@H](N)C(O)=O,HMDB00687,"InChI=1S/C6H13NO2/c1-4(2)3-5(7)6(8)9/h4-5H,3,7H2,1-2H3,(H,8,9)/t5-/m0/s1",3,2.79,9.52,2,-1.6,0,14.25,63.32,34.17,3,(2S)-2-amino-4-methylpentanoic acid,D-leucine,(2S)-2-Amino-4-methylpentanoate;(2S)-2-Amino-4-methylpentanoic acid;(S)-(+)-Leucine;(S)-2-Amino-4-methylpentanoate;(S)-2-Amino-4-methylpentanoic acid;(S)-2-Amino-4-methylvalerate;(S)-2-Amino-4-methylvaleric acid;(S)-Leucine;4-Methyl-L-Norvaline;L-(+)-Leucine;L-a-Aminoisocaproate;L-a-Aminoisocaproic acid;L-alpha-Aminoisocaproate;L-alpha-Aminoisocaproic acid;Leu;Leucine
L-Isoleucine,,Ile,"InChI=1S/C6H13NO2/c1-3-4(2)5(7)6(8)9/h4-5H,3,7H2,1-2H3,(H,8,9)/t4-,5-/m0/s1",132,86,5:2,125.0,-1.71,0.000249,0.776,1.57,1.25,InChIKey=AGPKZVBTJJNPAG-WHFBIAKZSA-N,1,L-Isoleucine,C6H13NO2,InChIKey=AGPKZVBTJJNPAG-WHFBIAKZSA-N,131.094628665,-1.7,-0.06,114 g/L,131.1729,CC[C@H](C)[C@H](N)C(O)=O,HMDB00172,"InChI=1S/C6H13NO2/c1-3-4(2)5(7)6(8)9/h4-5H,3,7H2,1-2H3,(H,8,9)/t4-,5-/m0/s1",3,2.79,9.59,2,-1.5,0,14.27,63.32,34.09,3,"(2S,3S)-2-amino-3-methylpentanoic acid",L-isoleucine,"(2S,3S)-2-amino-3-methyl-Pentanoate;(2S,3S)-2-amino-3-methyl-Pentanoic acid;(2S,3S)-2-Amino-3-methylpentanoate;(2S,3S)-2-Amino-3-methylpentanoic acid;(2S,3S)-a-Amino-b-methyl-N-valerate;(2S,3S)-a-Amino-b-methyl-N-valeric acid;(2S,3S)-a-Amino-b-methylvalerate;(2S,3S)-a-Amino-b-methylvaleric acid;(2S,3S)-alph-Amino-beta-methylvalerate;(2S,3S)-alph-Amino-beta-methylvaleric acid;(2S,3S)-alpha-Amino-beta-merthyl-N-valerate;(2S,3S)-alpha-Amino-beta-merthyl-N-valeric acid;(2S,3S)-alpha-Amino-beta-merthylvalerate;(2S,3S)-alpha-Amino-beta-merthylvaleric acid;(2S,3S)-alpha-Amino-beta-methyl-N-valerate;(2S,3S)-alpha-Amino-beta-methyl-N-valeric acid;(2S,3S)-alpha-Amino-beta-methylvalerate;(2S,3S)-alpha-Amino-beta-methylvaleric acid;(S)-Isoleucine;(S,S)-Isoleucine;2-Amino-3-methylpentanoate;2-Amino-3-methylpentanoic acid;2-Amino-3-methylvalerate;2-Amino-3-methylvaleric acid;2S,3S-Isoleucine;Erythro-L-Isoleucine;Ile;Iso-leucine;Isoleucine;L-(+)-Isoleucine;L-Ile;[S-(R*,R*)]-2-Amino-3-methylpentanoate;[S-(R*,R*)]-2-Amino-3-methylpentanoic acid"
L-Asparagine,a,Asn,"InChI=1S/C4H8N2O3/c5-2(4(8)9)1-3(6)7/h2H,1,5H2,(H2,6,7)(H,8,9)/t2-/m0/s1",133,,,95.1,-3.82,0.000247,0.764,0.406,-0.645,InChIKey=DCXYFEDJOCDNAF-REOHCLBHSA-N,1,L-Asparagine,C4H8N2O3,InChIKey=DCXYFEDJOCDNAF-REOHCLBHSA-N,132.053492132,-3.4,0.1,168 g/L,132.1179,N[C@@H](CC(N)=O)C(O)=O,HMDB00168,"InChI=1S/C4H8N2O3/c5-2(4(8)9)1-3(6)7/h2H,1,5H2,(H2,6,7)(H,8,9)/t2-/m0/s1",4,2,8.43,3,-4.3,0,11.81,106.41,28.35,3,(2S)-2-amino-3-carbamoylpropanoic acid,L-asparagine,"(-)-Asparagine;(S)-2,4-Diamino-4-oxobutanoate;(S)-2,4-Diamino-4-oxobutanoic acid;(S)-Asparagine;2-Aminosuccinamate;2-Aminosuccinamic acid;a-Aminosuccinamate;a-Aminosuccinamic acid;Agedoite;alpha Amminosuccinamate;alpha Amminosuccinamic acid;alpha-Aminosuccinamate;alpha-Aminosuccinamic acid;Altheine;Asn;Asparagine;Asparagine acid;Asparamide;Aspartamate;Aspartamic acid;Aspartic acid amide;Aspartic acid b-amide;Aspartic acid beta amide;B2,4-(S)-diamino-4-oxo-utanoate;B2,4-(S)-diamino-4-oxo-utanoic acid;Crystal VI;L-2,4-Diamino-4-oxobutanoate;L-2,4-Diamino-4-oxobutanoic acid;L-Asparagine;L-Aspartamine;L-b-Asparagine;L-beta-Asparagine"
L-Aspartic acid,a,Asp,"InChI=1S/C4H7NO4/c5-2(4(8)9)1-3(6)7/h2H,1,5H2,(H,6,7)(H,8,9)/t2-/m0/s1",134,,,93.8,-3.89,0.000233,0.471,0.287,-0.741,InChIKey=CKLJMWTZIZZHCS-REOHCLBHSA-N,1,L-Aspartic acid,C4H7NO4,InChIKey=CKLJMWTZIZZHCS-REOHCLBHSA-N,133.037507717,-3.5,0.03,142 g/L,133.1027,N[C@@H](CC(O)=O)C(O)=O,HMDB00191,"InChI=1S/C4H7NO4/c5-2(4(8)9)1-3(6)7/h2H,1,5H2,(H,6,7)(H,8,9)/t2-/m0/s1",5,1.7,9.61,3,-3.5,-1,11.4,100.62,26.53,3,(2S)-2-aminobutanedioic acid,L-aspartic acid, Asp;(+)-Aspartate;(+)-Aspartic acid;(2S)-Aspartate;(2S)-Aspartic acid;(L)-Aspartate;(L)-Aspartic acid;(R)-2-aminosuccinate;(S)-(+)-Aspartate;(S)-(+)-Aspartic acid;(S)-2-aminosuccinate;(S)-2-aminosuccinic acid;(S)-amino-Butanedioate;(S)-amino-Butanedioic acid;(S)-Aminobutanedioate;(S)-Aminobutanedioic acid;(S)-Aspartate;(S)-Aspartic acid;2-Amino-3-methylsuccinate;2-Amino-3-methylsuccinic acid;2-Aminosuccinate;2-Aminosuccinic acid;alpha-Aminosuccinate;alpha-Aminosuccinic acid;Aminosuccinate;Asparagate;Asparagic acid;Asparaginate;Asparaginic acid;Asparatate;Aspartate;H-Asp-OH;L-(+)-Aspartate;L-(+)-Aspartic acid;L-Aminosuccinate;L-Aminosuccinic acid;L-Asparagate;L-Asparagic acid;L-Asparaginate;L-Asparaginic acid;L-Aspartate
Adenine,,Ad,"InChI=1S/C5H5N5/c6-4-3-5(9-1-7-3)10-2-8-4/h1-2H,(H3,6,7,8,9,10)",136,,,89.4,-0.08,0.000393,1.0,0.766,0.332,InChIKey=GFFGJBXGBJISGV-UHFFFAOYSA-N,1,Adenine,C5H5N5,InChIKey=GFFGJBXGBJISGV-UHFFFAOYSA-N,135.054495185,-0.38,-1.1,11.5 g/L,135.1267,NC1=NC=NC2=C1NC=N2,HMDB00034,"InChI=1S/C5H5N5/c6-4-3-5(9-1-7-3)10-2-8-4/h1-2H,(H3,6,7,8,9,10)",4,10.29,5.32,2,-0.57,0,12.29,80.48,38.22,0,7H-purin-6-amine,adenine,"1,6-Dihydro-6-iminopurine;1H-Purin-6-amine;1H-Purine-6-amine;3,6-Dihydro-6-iminopurine;6-Amino-1H-purine;6-Amino-3H-purine;6-Amino-7H-purine;6-Amino-9H-purine;6-Amino-Purine;6-Aminopurine;9H-Purin-6-amine;9H-Purin-6-yl-amin;9H-Purin-6-ylamine;9H-Purine-6-amine;Ade;Adenin;Adenine;Adeninimine;Vitamin B4"
L-Homocysteine,,HCy,"InChI=1S/C4H9NO2S/c5-3(1-2-8)4(6)7/h3,8H,1-2,5H2,(H,6,7)",136,,,105.0,-2.56,0.000235,0.72,0.168,0.116,InChIKey=FFFHZYDWPBMWHY-UHFFFAOYSA-N,1,Homocysteine,C4H9NO2S,InChIKey=FFFHZYDWPBMWHY-UHFFFAOYSA-N,135.035399227,-2.3,-0.96,14.8 g/L,135.185,NC(CCS)C(O)=O,HMDB00742,"InChI=1S/C4H9NO2S/c5-3(1-2-8)4(6)7/h3,8H,1-2,5H2,(H,6,7)",3,2.46,9.41,3,-2.6,0,13.44,63.32,32.94,3,2-amino-4-sulfanylbutanoic acid,homocysteine,"(+-)-homocysteine;(S)-2-amino-4-mercapto-Butanoate;(S)-2-amino-4-mercapto-Butanoic acid;2-Amino-4-mercapto-Butanoate;2-Amino-4-mercapto-Butanoic acid;2-Amino-4-mercapto-Butyric acid;2-Amino-4-mercapto-DL-Butyrate;2-Amino-4-mercapto-DL-Butyric acid;2-Amino-4-mercaptobutyric acid;2-Amino-4-sulfanylbutanoate;2-Amino-4-sulfanylbutanoic acid;D,L-Homocysteine;DL-2-amino-4-mercapto-Butyric acid;DL-2-Amino-4-mercaptobutyric acid;DL-Homocysteine;DL-homocysteine (free base);HCY;Homo-CYS;Homocysteine;L-2-Amino-4-mercapto-Butyric acid;L-Homocysteine;Usaf B-12"
p-Benzoic acid,,PABA,"InChI=1S/C7H7NO2/c8-6-3-1-5(2-4-6)7(9)10/h1-4H,8H2,(H,9,10)",138,,,102.0,0.8,0.000279,0.857,0.718,0.962,InChIKey=ALYNCZNDIQEVRV-UHFFFAOYSA-N,1,p-Aminobenzoic acid,C7H7NO2,InChIKey=ALYNCZNDIQEVRV-UHFFFAOYSA-N,137.047678473,0.78,-1.5,4.41 g/L,137.136,NC1=CC=C(C=C1)C(O)=O,HMDB01392,"InChI=1S/C7H7NO2/c8-6-3-1-5(2-4-6)7(9)10/h1-4H,8H2,(H,9,10)",3,4.77,2.69,2,0.8,-1,13.44,63.32,38.01,1,4-aminobenzoic acid,4-aminobenzoic acid,1-Amino-4-carboxybenzene;4-Aminobenzoate;4-Aminobenzoic acid;4-Carboxyaniline;4-Carboxyphenylamine;ABEE;Acido p-aminobenzoico;Acidum paraminobenzoicum;Actipol;Amben;Aminobenzoate;Aminobenzoic acid;Aniline-4-carboxylate;Aniline-4-carboxylic acid;Anti-Chromotrichia factor;Anticanitic vitamin;Anticantic vitamin;Antichromotrichia factor;Bacterial vitamin H1;Chromotrichia factor;gamma-Aminobenzoate;gamma-Aminobenzoic acid;Hachemina;Kyselina p-aminobenzoova;p-Amino-Benzoate;p-Amino-Benzoic acid;p-Aminobenzoate;p-Aminobenzoic acid;p-Carboxyaniline;p-Carboxyphenylamine;PAB;PABA;Pabacyd;Pabafilm;Pabagel;Pabamine;Pabanol;Papacidum;Para-aminobenzoate;Para-Aminobenzoic acid;Paraminol;Paranate;Potaba;Romavit;Rvpaba;RVPaba Lipstick;Sunbrella;Super Shade by Coppertone;Trichochromogenic factor;Trochromogenic factor;Vitamin BX;Vitamin H'
Tyramine,,TyrN,"InChI=1S/C8H11NO/c9-6-5-7-1-3-8(10)4-2-7/h1-4,10H,5-6,9H2",138,121,1:2,120.0,-2.0,0.00036,1.0,1.27,1.11,InChIKey=DZGWFCGJZKJUFP-UHFFFAOYSA-N,1,Tyramine,C8H11NO,InChIKey=DZGWFCGJZKJUFP-UHFFFAOYSA-N,137.084063979,-0.14,-1.4,5.72 g/L,137.179,NCCC1=CC=C(O)C=C1,HMDB00306,"InChI=1S/C8H11NO/c9-6-5-7-1-3-8(10)4-2-7/h1-4,10H,5-6,9H2",2,10.41,9.66,2,0.68,1,15.33,46.25,41.27,2,4-(2-aminoethyl)phenol,tyramine,2-(4'-Hydroxyphenyl)ethylamine;2-(4-Hydroxyphenyl)ethylamine;2-(p-Hydroxyphenyl)ethylamine;4- (2-Aminoethyl)-Phenol;4-(2-Aminoethyl)-Phenol;4-(2-Aminoethyl)-phenol(thyramin);4-(2-Aminoethyl)phenol;4-Hydroxy-b-phenylethylamine;4-Hydroxy-Benzeneethanamine;4-Hydroxy-beta-phenylethylamine;4-Hydroxyphenethylamine;4-Hydroxyphenylethylamine;a-(4-Hydroxyphenyl)-b-aminoethane;alpha-(4-Hydroxyphenyl)-beta-aminoethane;alpha.-(4-Hydroxyphenyl)-beta-aminoethane;b-(4-Hydroxyphenyl)ethylamine;beta-(4-Hydroxyphenyl)ethylamine;p-(2-Aminoethyl)-Phenol;p-(2-Aminoethyl)phenol;P-beta-Aminoethylphenol;P-Hydroxy-b-phenethylamine;P-Hydroxy-b-phenylethylamine;P-Hydroxy-beta-phenethylamine;P-Hydroxy-beta-phenylethylamine;P-Hydroxyphenethylamine;P-Hydroxyphenylethylamine;P-Tyramine;Systogene;Tenosin-wirkstoff;Tocosine;Tyramin;Tyramine base;Tyrosamine;Uteramine
L-Glutamine,,Gln,"InChI=1S/C5H10N2O3/c6-3(5(9)10)1-2-4(7)8/h3H,1-2,6H2,(H2,7,8)(H,9,10)/t3-/m0/s1",147,130,5:2,114.0,-3.64,0.000235,0.788,0.703,0.219,InChIKey=ZDXPYRJPNDTMRX-VKHMYHEASA-N,1,L-Glutamine,C5H10N2O3,InChIKey=ZDXPYRJPNDTMRX-VKHMYHEASA-N,146.069142196,-3.3,-0.17,97.8 g/L,146.1445,N[C@@H](CCC(N)=O)C(O)=O,HMDB00641,"InChI=1S/C5H10N2O3/c6-3(5(9)10)1-2-4(7)8/h3H,1-2,6H2,(H2,7,8)(H,9,10)/t3-/m0/s1",4,2.15,9.31,3,-4,0,13.85,106.41,33.11,4,(2S)-2-amino-4-carbamoylbutanoic acid,L-glutamine,"(2S)-2,5-diamino-5-oxopentanoate;(2S)-2,5-diamino-5-oxopentanoic acid;(2S)-2-amino-4-carbamoylbutanoate;(2S)-2-amino-4-carbamoylbutanoic acid;(S)-2,5-Diamino-5-oxopentanoate;(S)-2,5-Diamino-5-oxopentanoic acid;2-Aminoglutaramic acid;Cebrogen;gamma-Glutamine;Glavamin;Glumin;Glutamic acid 5-amide;Glutamic acid amide;Glutamine;L-(+)-Glutamine;L-2-Aminoglutaramic acid;L-2-Aminoglutaramidic acid;L-Glutamic acid 5-amide;L-Glutamic acid gamma-amide;L-Glutamid;L-Glutamide;L-Glutamin;L-Glutamine;L-Glutaminsaeure-5-amid;Levoglutamid;Levoglutamida;Levoglutamide;Levoglutamidum;Levoglutamina;Polyglutamine;Stimulina"
L-Lysine,,Lys,"InChI=1S/C6H14N2O2/c7-4-2-1-3-5(8)6(9)10/h5H,1-4,7-8H2,(H,9,10)/t5-/m0/s1",147,130,7:2,131.0,-3.05,0.000541,1.61,1.19,1.55,InChIKey=KDXKERNSBIXSRK-YFKPBYRVSA-N,1,L-Lysine,C6H14N2O2,InChIKey=KDXKERNSBIXSRK-YFKPBYRVSA-N,146.105527702,-3.8,-0.14,105 g/L,146.1876,NCCCC[C@H](N)C(O)=O,HMDB00182,"InChI=1S/C6H14N2O2/c7-4-2-1-3-5(8)6(9)10/h5H,1-4,7-8H2,(H,9,10)/t5-/m0/s1",4,2.74,10.29,3,-3.2,1,16.01,89.34,37.81,5,"(2S)-2,6-diaminohexanoic acid",L-lysine,"(+)-S-Lysine;(S)-2,6-diamino-Hexanoate;(S)-2,6-diamino-Hexanoic acid;(S)-2,6-Diaminohexanoate;(S)-2,6-Diaminohexanoic acid;(S)-a,e-Diaminocaproate;(S)-a,e-Diaminocaproic acid;(S)-Lysine;2,6-Diaminohexanoate;2,6-Diaminohexanoic acid;6-Amino-Aminutrin;6-Amino-L-Norleucine;a-Lysine;alpha-Lysine;Aminutrin;h-Lys-oh;L-(+)-Lysine;L-2,6-Diainohexanoate;L-2,6-Diainohexanoic acid;L-2,6-Diaminocaproate;L-2,6-Diaminocaproic acid;L-Lys;Lys;Lysine;Lysine acid"
L-Glutamic acid,,Glu,"InChI=1S/C5H9NO4/c6-3(5(9)10)1-2-4(7)8/h3H,1-2,6H2,(H,7,8)(H,9,10)/t3-/m0/s1",148,130,9:2,113.0,-3.69,0.000234,0.71,0.749,0.16,InChIKey=WHUUTDBJXJRKMK-VKHMYHEASA-N,1,L-Glutamic acid,C5H9NO4,InChIKey=WHUUTDBJXJRKMK-VKHMYHEASA-N,147.053157781,-3.5,-0.26,80.6 g/L,147.1293,N[C@@H](CCC(O)=O)C(O)=O,HMDB00148,"InChI=1S/C5H9NO4/c6-3(5(9)10)1-2-4(7)8/h3H,1-2,6H2,(H,7,8)(H,9,10)/t3-/m0/s1",5,1.88,9.54,3,-3.2,-1,13.49,100.62,31.29,4,(2S)-2-aminopentanedioic acid,L-glutamic acid,"(2S)-2-Aminopentanedioate;(2S)-2-Aminopentanedioic acid;(S)-(+)-Glutamate;(S)-(+)-Glutamic acid;(S)-2-Aminopentanedioate;(S)-2-Aminopentanedioic acid;(S)-Glutamate;(S)-Glutamic acid;1-Amino-propane-1,3-dicarboxylate;1-Amino-propane-1,3-dicarboxylic acid;1-Aminopropane-1,3-dicarboxylate;1-Aminopropane-1,3-dicarboxylic acid;2-Aminoglutarate;2-Aminoglutaric acid;2-Aminopentanedioate;2-Aminopentanedioic acid;a-Aminoglutarate;a-Aminoglutaric acid;a-Glutamate;a-Glutamic acid;Aciglut;alpha-Aminoglutarate;alpha-Aminoglutaric acid;alpha-Glutamate;alpha-Glutamic acid;Aminoglutarate;Aminoglutaric acid;E;Glt;Glu;Glusate;Glut;Glutacid;Glutamicol;Glutamidex;Glutaminate;Glutaminic acid;Glutaminol;Glutaton;L-(+)-Glutamate;L-(+)-Glutamic acid;L-a-Aminoglutarate;L-a-Aminoglutaric acid;L-alpha-Aminoglutarate;L-alpha-Aminoglutaric acid;L-Glu;L-Glutamate;L-Glutaminate;L-Glutaminic acid"
L-Methionine,,Met,"InChI=1S/C5H11NO2S/c1-9-3-2-4(6)5(7)8/h4H,2-3,6H2,1H3,(H,7,8)/t4-/m0/s1",150,,,127.0,-1.88,0.000232,0.686,0.832,1.26,InChIKey=FFEARJCKVFRZRR-BYPYZUCNSA-N,1,L-Methionine,C5H11NO2S,InChIKey=FFEARJCKVFRZRR-BYPYZUCNSA-N,149.051049291,-1.9,-0.8,23.9 g/L,149.211,CSCC[C@H](N)C(O)=O,HMDB00696,"InChI=1S/C5H11NO2S/c1-9-3-2-4(6)5(7)8/h4H,2-3,6H2,1H3,(H,7,8)/t4-/m0/s1",3,2.53,9.5,2,-2.2,0,15.5,63.32,37.59,4,(2S)-2-amino-4-(methylsulfanyl)butanoic acid,L-methionine,(2S)-2-amino-4-(methylsulfanyl)butanoate;(2S)-2-amino-4-(methylsulfanyl)butanoic acid;(L)-methionine;(S)-(+)-methionine;(S)-2-amino-4-(methylthio)-Butanoate;(S)-2-amino-4-(methylthio)-Butanoic acid;(S)-2-Amino-4-(methylthio)butanoate;(S)-2-Amino-4-(methylthio)butanoic acid;(S)-2-amino-4-(methylthio)butyric acid;(S)-methionine;2-Amino-4-(methylthio)butyrate;2-Amino-4-(methylthio)butyric acid;2-Amino-4-methylthiobutanoate;2-Amino-4-methylthiobutanoic acid;A-Amino-g-methylmercaptobutyrate;A-Amino-g-methylmercaptobutyric acid;Acimethin;alpha-Amino-alpha-aminobutyric acid;alpha-Amino-gamma-methylmercaptobutyrate;alpha-Amino-gamma-methylmercaptobutyric acid;Cymethion;G-Methylthio-a-aminobutyrate;G-Methylthio-a-aminobutyric acid;gamma-Methylthio-alpha-aminobutyrate;gamma-Methylthio-alpha-aminobutyric acid;H-Met-h;H-Met-oh;L(-)-Amino-alpha-amino-alpha-aminobutyric acid;L(-)-Amino-gamma-methylthiobutyric acid;L-(-)-Methionine;L-2-Amino-4-(methylthio)butyric acid;L-2-Amino-4-methylthiobutyric acid;L-a-Amino-g-methylthiobutyrate;L-a-Amino-g-methylthiobutyric acid;L-alpha-Amino-gamma-methylmercaptobutyric acid;L-alpha-Amino-gamma-methylthiobutyrate;L-alpha-Amino-gamma-methylthiobutyric acid;L-gamma-Methylthio-alpha-aminobutyric acid;L-Methionin;L-Methionine;L-Methioninum;Liquimeth;Mepron;MET;Methilanin;Methionine;Methioninum;Metionina;Neo-methidin;Poly-L-methionine;Polymethionine;S-Methionine;S-Methyl-L-homocysteine;Toxin WAR
Guanine,,Gu,"InChI=1S/C5H5N5O/c6-5-9-3-2(4(11)10-5)7-1-8-3/h1H,(H4,6,7,8,9,10,11)",152,,,95.6,-0.95,0.00041,1.0,0.112,0.296,InChIKey=UYTPUPDQBNUYGX-UHFFFAOYSA-N,1,Guanine,C5H5N5O,InChIKey=UYTPUPDQBNUYGX-UHFFFAOYSA-N,151.049409807,-0.92,-1.8,2.31 g/L,151.1261,NC1=NC(=O)C2=C(N1)N=CN2,HMDB00132,"InChI=1S/C5H5N5O/c6-5-9-3-2(4(11)10-5)7-1-8-3/h1H,(H4,6,7,8,9,10,11)",5,8.95,2.22,3,-0.59,0,13.34,96.16,38.9,0,"2-amino-6,7-dihydro-3H-purin-6-one","2-amino-3,7-dihydropurin-6-one","2-Amino-1,7-dihydro-6H-Purin-6-one;2-Amino-1,9-dihydro-6H-purin-6-one;2-Amino-1,9-dihydro-purin-6-one;2-Amino-3,7-dihydro-6H-purin-6-one;2-Amino-6-hydroxy-1H-purine;2-Amino-6-hydroxypurine;2-Amino-6-purinol;2-Amino-Hypoxanthine;2-Aminohypoxanthine;6-Hydroxy-2-aminopurine;C.I. Natural White 1;CI Natural white 1;Dew Pearl;GUA;Guanin;Guanine;Guanine enol;GUN;Mearlmaid;Mearlmaid AA;Natural pearl essence;Natural White 1;Naturon;Pathocidin;Pearl Essence;Stella Polaris"
Dopamine,,DopN,"InChI=1S/C8H11NO2/c9-4-3-6-1-2-7(10)8(11)5-6/h1-2,5,10-11H,3-4,9H2",154,137,1:1,125.0,-2.37,0.00033,1.0,0.781,1.18,InChIKey=VYFYYTLLBUKUHU-UHFFFAOYSA-N,1,Dopamine,C8H11NO2,InChIKey=VYFYYTLLBUKUHU-UHFFFAOYSA-N,153.078978601,-0.4,-1.3,7.43 g/L,153.1784,NCCC1=CC=C(O)C(O)=C1,HMDB00073,"InChI=1S/C8H11NO2/c9-4-3-6-1-2-7(10)8(11)5-6/h1-2,5,10-11H,3-4,9H2",3,10.01,9.27,3,0.03,1,16.21,66.48,43.25,2,"4-(2-aminoethyl)benzene-1,2-diol",dopamine,"2-(3,4-Dihydroxyphenyl)ethylamine;3,4-Dihydroxyphenethylamine;3,4-Dihydroxyphenylethylamine;3-Hydroxytyramine;4-(2-Aminoethyl)-1,2-benzenediol;4-(2-Aminoethyl)-Pyrocatechol;4-(2-Aminoethyl)catechol;4-(2-Aminoethyl)pyrocatechol;a-(3,4-Dihydroxyphenyl)-b-aminoethane;alpha-(3,4-Dihydroxyphenyl)-beta-aminoethane;Deoxyepinephrine;Dopamin;Dopamine;Dopaminum;Dopastat;Dophamine;Dynatra;Hydroxytyramin;Hydroxytyramine;Intropin;Oxytyramine;Revivan"
L-Histidine,,His,"InChI=1S/C6H9N3O2/c7-5(6(10)11)1-4-2-8-3-9-4/h2-3,5H,1,7H2,(H,8,9)(H,10,11)/t5-/m0/s1",156,,,118.0,-3.32,0.000474,1.61,1.4,0.824,InChIKey=HNDVDQJCIGZPNO-YFKPBYRVSA-N,1,L-Histidine,C6H9N3O2,InChIKey=HNDVDQJCIGZPNO-YFKPBYRVSA-N,155.069476547,-2.7,-0.34,71.3 g/L,155.1546,N[C@@H](CC1=CNC=N1)C(O)=O,HMDB00177,"InChI=1S/C6H9N3O2/c7-5(6(10)11)1-4-2-8-3-9-4/h2-3,5H,1,7H2,(H,8,9)(H,10,11)/t5-/m0/s1",4,1.85,9.25,3,-3.3,0,14.92,92,37.49,3,(2S)-2-amino-3-(1H-imidazol-4-yl)propanoic acid,histidine,(S)-1H-Imidazole-4-alanine;(S)-2-Amino-3-(4-imidazolyl)propionsaeure;(S)-4-(2-Amino-2-carboxyethyl)imidazole;(S)-a-Amino-1H-imidazole-4-propanoate;(S)-a-Amino-1H-imidazole-4-propanoic acid;(S)-alpha-Amino-1H-imidazole-4-propanoate;(S)-alpha-Amino-1H-imidazole-4-propanoic acid;(S)-alpha-Amino-1H-imidazole-4-propionate;(S)-alpha-Amino-1H-imidazole-4-propionic acid;(S)-Histidine;(S)1H-Imidazole-4-alanine;3-(1H-Imidazol-4-yl)-L-Alanine;Amino-1H-imidazole-4-propanoate;Amino-1H-imidazole-4-propanoic acid;Amino-4-imidazoleproprionate;Amino-4-imidazoleproprionic acid;Glyoxaline-5-alanine;His;Histidine;L-(-)-Histidine
D-Ala-D-Ala,*,DiAla,"InChI=1S/C6H12N2O3/c1-3(7)5(9)8-4(2)6(10)11/h3-4H,7H2,1-2H3,(H,8,9)(H,10,11)/t3-,4-/m1/s1",161,,,133.0,-2.63,0.000246,0.952,1.0,1.0,InChIKey=DEFJQIDDEAULHB-QWWZWVQMSA-N,1,D-Alanyl-D-alanine,C6H12N2O3,InChIKey=DEFJQIDDEAULHB-QWWZWVQMSA-N,160.08479226,-2.6,-0.36,70.7 g/L,160.1711,C[C@@H](N)C(=O)N[C@H](C)C(O)=O,HMDB03459,"InChI=1S/C6H12N2O3/c1-3(7)5(9)8-4(2)6(10)11/h3-4H,7H2,1-2H3,(H,8,9)(H,10,11)/t3-,4-/m1/s1",4,3.73,8.39,3,-3.4,0,15.66,92.42,37.79,3,(2R)-2-[(2R)-2-aminopropanamido]propanoic acid,D-ala-D-ala,Alanyl-D-alanine
Tryptamine,,TrpN,"InChI=1S/C10H12N2/c11-6-5-8-7-12-10-4-2-1-3-9(8)10/h1-4,7,12H,5-6,11H2",161,144,2:5,142.0,-1.91,0.000357,1.0,2.93,2.09,InChIKey=APJYDQYYACXCRM-UHFFFAOYSA-N,2,Tryptamine,C10H12N2,InChIKey=APJYDQYYACXCRM-UHFFFAOYSA-N,160.100048394,1.21,-2.1,1.34 g/L,160.2157,NCCC1=CNC2=CC=CC=C12,HMDB00303,"InChI=1S/C10H12N2/c11-6-5-8-7-12-10-4-2-1-3-9(8)10/h1-4,7,12H,5-6,11H2",1,17.17,9.73,2,1.49,1,18.34,41.81,50.37,2,2-(1H-indol-3-yl)ethan-1-amine,tryptamine,(3-Indolyl)ethylamine;1H-Indole-3-ethanamine;2-(1H-Indol-3-yl)ethanamine;2-(1H-Indol-3-yl)ethylamine;2-(3-Indolyl)ethylamine;2-Indol-3-yl-aethylamin;2-Indol-3-yl-ethylamine;3-(2-Aminoethyl)-1H-indole;3-(2-Aminoethyl)indole;3-Indoleethanamine;3-Indoleethylamine;Tryptamin;Tryptamine
L-Carnitine,,C0,"InChI=1S/C7H15NO3/c1-8(2,3)5-6(9)4-7(10)11/h6,9H,4-5H2,1-3H3/t6-/m1/s1",162,,,155.0,-2.49,0.000323,1.0,2.82,2.46,InChIKey=PHIQHXFUZVPYII-ZCFIWIBFSA-N,1,L-Carnitine,C7H15NO3,InChIKey=PHIQHXFUZVPYII-ZCFIWIBFSA-N,161.105193351,-2.9,-1.6,5.33 g/L,161.1989,C[N+](C)(C)C[C@H](O)CC([O-])=O,HMDB00062,"InChI=1S/C7H15NO3/c1-8(2,3)5-6(9)4-7(10)11/h6,9H,4-5H2,1-3H3/t6-/m1/s1",3,4.2,-3.6,1,-4.9,0,16.9,60.36,63.49,4,(3R)-3-hydroxy-4-(trimethylazaniumyl)butanoate,L-carnitine,"(-)-(R)-3-Hydroxy-4-(trimethylammonio)butyrate;(-)-carnitine;(R)-(3-Carboxy-2-hydroxypropyl)trimethylammonium hydroxide;(R)-carnitine;(S)-carnitine;1-Carnitine;3-Carboxy-2-hydroxy-N,N,N-trimethyl-1-propanaminium;3-Hydroxy-4-trimethylammoniobutanoate;3-Hydroxy-4-trimethylammoniobutanoic acid;Bicarnesine;Carniking;Carniking 50;Carnilean;Carnipass;Carnipass 20;Carnitene;Carnitine;Carnitor;D-Carnitine;delta-Carnitine;DL-carnitine;gamma-Trimethyl-ammonium-beta-hydroxybutirate;gamma-Trimethyl-beta-hydroxybutyrobetaine;gamma-Trimethyl-hydroxybutyrobetaine;Karnitin;L-(-)-Carnitine;L-Carnitine;L-gamma-Trimethyl-beta-hydroxybutyrobetaine;Levocarnitina;Levocarnitine;Levocarnitinum;R-(-)-3-Hydroxy-4-trimethylaminobutyrate;Vitamin BT"
L-Phenylalanine,,Phe,"InChI=1S/C9H11NO2/c10-8(9(11)12)6-7-4-2-1-3-5-7/h1-5,8H,6,10H2,(H,11,12)/t8-/m0/s1",166,120,7:2,140.0,-1.38,0.000222,0.71,2.98,1.96,InChIKey=COLNVLDHVKWLRT-QMMMGPOBSA-N,1,L-Phenylalanine,C9H11NO2,InChIKey=COLNVLDHVKWLRT-QMMMGPOBSA-N,165.078978601,-1.4,-1.6,4.14 g/L,165.1891,N[C@@H](CC1=CC=CC=C1)C(O)=O,HMDB00159,"InChI=1S/C9H11NO2/c10-8(9(11)12)6-7-4-2-1-3-5-7/h1-5,8H,6,10H2,(H,11,12)/t8-/m0/s1",3,2.47,9.45,2,-1.2,0,17.2,63.32,45.12,3,(2S)-2-amino-3-phenylpropanoic acid,L-phenylalanine,(-)-beta-Phenylalanine;(L)-Phenylalanine;(S)-(-)-Phenylalanine;(S)-2-amino-3-phenylpropanoate;(S)-2-amino-3-phenylpropanoic acid;(S)-2-Amino-3-phenylpropionate;(S)-2-Amino-3-phenylpropionic acid;(S)-alpha-Amino-benzenepropanoate;(S)-alpha-Amino-benzenepropanoic acid;(S)-alpha-Amino-beta-phenylpropionate;(S)-alpha-Amino-beta-phenylpropionic acid;(S)-alpha-Aminobenzenepropanoate;(S)-alpha-Aminobenzenepropanoic acid;(S)-alpha-Aminohydrocinnamate;(S)-alpha-Aminohydrocinnamic acid;(S)-Phenylalanine;3-Phenyl-L-alanine;alpha-Aminohydrocinnamate;alpha-Aminohydrocinnamic acid;beta-Phenyl-alpha-alanine;beta-Phenyl-L-alanine;beta-Phenylalanine;L-2-Amino-3-phenylpropionate;L-2-Amino-3-phenylpropionic acid;Phe;Phenyl-Alanine;Phenylalamine;Phenylalanine
L-Arginine,,Arg,"InChI=1S/C6H14N4O2/c7-4(5(11)12)2-1-3-10-6(8)9/h4H,1-3,7H2,(H,11,12)(H4,8,9,10)/t4-/m0/s1",175,,,142.0,-4.2,0.000497,1.53,2.38,1.67,InChIKey=ODKSFYDXXFIFQN-BYPYZUCNSA-N,1,L-Arginine,C6H14N4O2,InChIKey=ODKSFYDXXFIFQN-BYPYZUCNSA-N,174.111675712,-3.9,-1.4,7.59 g/L,174.201,N[C@@H](CCCN=C(N)N)C(O)=O,HMDB00517,"InChI=1S/C6H14N4O2/c7-4(5(11)12)2-1-3-10-6(8)9/h4H,1-3,7H2,(H,11,12)(H4,8,9,10)/t4-/m0/s1",6,2.41,11.94,4,-3.2,1,17.92,127.72,43.63,5,(2S)-2-amino-5-[(diaminomethylidene)amino]pentanoic acid,L-arginine,(S)-2-amino-5-[(aminoiminomethyl)amino]-Pentanoate;(S)-2-amino-5-[(aminoiminomethyl)amino]-Pentanoic acid;(S)-2-Amino-5-[(aminoiminomethyl)amino]pentanoate;(S)-2-Amino-5-[(aminoiminomethyl)amino]pentanoic acid;2-Amino-5-guanidinovalerate;2-Amino-5-guanidinovaleric acid;5-[(Aminoiminomethyl)amino]-L-Norvaline;Arginine;L-(+)-Arginine;L-a-Amino-D-guanidinovalerate;L-a-Amino-D-guanidinovaleric acid;L-alpha-Amino-delta-guanidinovalerate;L-alpha-Amino-delta-guanidinovaleric acid;N5-(aminoiminomethyl)-L-Ornithine
Serotonin,,Sero,"InChI=1S/C10H12N2O/c11-4-3-7-6-12-10-2-1-8(13)5-9(7)10/h1-2,5-6,12-13H,3-4,11H2",177,160,2:5,147.0,-2.18,0.000329,1.0,1.24,2.2,InChIKey=QZAYGJVTTNCVMB-UHFFFAOYSA-N,1,Serotonin,C10H12N2O,InChIKey=QZAYGJVTTNCVMB-UHFFFAOYSA-N,176.094963016,0.56,-1.9,2.5 g/L,176.2151,NCCC1=CNC2=CC=C(O)C=C12,HMDB00259,"InChI=1S/C10H12N2O/c11-4-3-7-6-12-10-2-1-8(13)5-9(7)10/h1-2,5-6,12-13H,3-4,11H2",2,9.31,10,3,0.48,1,19.31,62.04,52.35,2,3-(2-aminoethyl)-1H-indol-5-ol,serotonin,3-(2-Aminoethyl)-1H-indol-5-ol;3-(2-Aminoethyl)indol-5-ol;3-(b-Aminoethyl)-5-hydroxyindole;5-HT;5-HTA;5-Hydroxy-3-(b-aminoethyl)indole;5-Hydroxy-tryptamine;5-Hydroxyltryptamine;5-Hydroxytriptamine;5-Hydroxytryptamine;Antemovis;DS substance;Enteramin;Enteramine
m-L-Tyrosine,,mTyr,"InChI=1S/C9H11NO3/c10-8(9(12)13)5-6-2-1-3-7(11)4-6/h1-4,8,11H,5,10H2,(H,12,13)/t8-/m0/s1",182,,,143.0,-1.55,0.000211,0.71,2.26,2.03,InChIKey=JZKXXXDKRQWDET-QMMMGPOBSA-N,1,Meta-Tyrosine,C9H11NO3,InChIKey=JZKXXXDKRQWDET-QMMMGPOBSA-N,181.073893223,-2.3,-1.6,5.13 g/L,181.1885,N[C@@H](CC1=CC=CC(O)=C1)C(O)=O,HMDB59720,"InChI=1S/C9H11NO3/c10-8(9(12)13)5-6-2-1-3-7(11)4-6/h1-4,8,11H,5,10H2,(H,12,13)/t8-/m0/s1",4,2,9.14,3,-1.5,0,18.13,83.55,47.1,3,(2S)-2-amino-3-(3-hydroxyphenyl)propanoic acid,3-hydroxyphenylalanine,(2S)-2-azaniumyl-3-(3-hydroxyphenyl)propanoate
p-L-Tyrosine,,pTyr,"InChI=1S/C9H11NO3/c10-8(9(12)13)5-6-1-3-7(11)4-2-6/h1-4,8,11H,5,10H2,(H,12,13)/t8-/m0/s1",182,,,145.0,-2.3,0.000216,0.734,1.68,1.92,InChIKey=OUYCCCASQSFEME-QMMMGPOBSA-N,1,L-Tyrosine,C9H11NO3,InChIKey=OUYCCCASQSFEME-QMMMGPOBSA-N,181.073893223,-2.4,-1.4,7.67 g/L,181.1885,N[C@@H](CC1=CC=C(O)C=C1)C(O)=O,HMDB00158,"InChI=1S/C9H11NO3/c10-8(9(12)13)5-6-1-3-7(11)4-2-6/h1-4,8,11H,5,10H2,(H,12,13)/t8-/m0/s1",4,2,9.19,3,-1.5,0,18.19,83.55,47.1,3,(2S)-2-amino-3-(4-hydroxyphenyl)propanoic acid,L-tyrosine,(-)-a-Amino-p-hydroxyhydrocinnamate;(-)-a-Amino-p-hydroxyhydrocinnamic acid;(-)-alpha-Amino-p-hydroxyhydrocinnamate;(-)-alpha-Amino-p-hydroxyhydrocinnamic acid;(S)-(-)-Tyrosine;(S)-2-Amino-3-(p-hydroxyphenyl)propionate;(S)-2-Amino-3-(p-hydroxyphenyl)propionic acid;(S)-3-(p-Hydroxyphenyl)alanine;(S)-a-amino-4-hydroxy-Benzenepropanoate;(S)-a-amino-4-hydroxy-Benzenepropanoic acid;(S)-a-Amino-4-hydroxybenzenepropanoate;(S)-a-Amino-4-hydroxybenzenepropanoic acid;(S)-alpha-amino-4-hydroxy-Benzenepropanoate;(S)-alpha-amino-4-hydroxy-Benzenepropanoic acid;(S)-alpha-Amino-4-hydroxybenzenepropanoate;(S)-alpha-Amino-4-hydroxybenzenepropanoic acid;(S)-Tyrosine;2-Amino-3-(4-hydroxyphen yl)-2-amino-3-(4-hydroxyphenyl)-Propanoate;2-Amino-3-(4-hydroxyphen yl)-2-amino-3-(4-hydroxyphenyl)-Propanoic acid;3-(4-Hydroxyphenyl)-L-alanine;4-Hydroxy-L-Phenylalanine;Benzenepropanoate;Benzenepropanoic acid;L-p-Tyrosine;L-Tyrosine;p-Tyrosine;Tyr;Tyrosine
L-DOPA,,DORA,"InChI=1S/C9H11NO4/c10-6(9(13)14)3-5-1-2-7(11)8(12)4-5/h1-2,4,6,11-12H,3,10H2,(H,13,14)/t6-/m0/s1",198,,,147.0,-1.96,0.000205,0.724,1.98,2.08,InChIKey=WTDRDQBEARUVNC-LURJTMIESA-N,1,L-Dopa,C9H11NO4,InChIKey=WTDRDQBEARUVNC-LURJTMIESA-N,197.068807845,-2.3,-1.8,3.3 g/L,197.1879,N[C@@H](CC1=CC(O)=C(O)C=C1)C(O)=O,HMDB00181,"InChI=1S/C9H11NO4/c10-6(9(13)14)3-5-1-2-7(11)8(12)4-5/h1-2,4,6,11-12H,3,10H2,(H,13,14)/t6-/m0/s1",5,1.65,9.06,4,-1.8,0,19.02,103.78,49.08,3,"(2S)-2-amino-3-(3,4-dihydroxyphenyl)propanoic acid",levodopa,"(-)-3-(3,4-dihydroxyphenyl)-L-alanine;(-)-Dopa;(2S)-2-amino-3-(3,4-dihydroxyphenyl)propanoate;(2S)-2-amino-3-(3,4-dihydroxyphenyl)propanoic acid;3,4-Dihydroxy-L-phenylalanine;3,4-Dihydroxyphenyl-L-alanine;3,4-Dihydroxyphenylalanine;3-(3,4-Dihydroxyphenyl)-L-alanine;3-Hydroxy-L-tyrosine;b-(3,4-Dihydroxyphenyl)-a-L-alanine;b-(3,4-Dihydroxyphenyl)-L-alanine;b-(3,4-Dihydroxyphenyl)alanine;Bendopa;beta-(3,4-Dihydroxyphenyl)-alpha-L-alanine;beta-(3,4-Dihydroxyphenyl)-L-alanine;beta-(3,4-Dihydroxyphenyl)alanine;Cidandopa;Dihydroxy-L-phenylalanine;Dihydroxyphenylalanine;Dopaflex;Dopaidan;Dopal;Dopalina;Dopar;Doparkine;Doparl;Dopasol;Dopaston;Dopastone;Dopastral;Dopicar;Doprin;Eldopal;Eldopar;Eldopatec;Eurodopa;Helfo-dopa;Insulamina;L-(-)-Dopa;L-3-(3,4-Dihydroxyphenyl)-Alanine;L-4-5-Dihydroxyphenylalanine;L-b-(3,4-Dihydroxyphenyl)-a-alanine;L-beta-(3,4-Dihydroxyphenyl)-alpha-alanine;L-Dihydroxyphenylalanine;L-Dopa;Laradopa;Larodopa;Ledopa;Levedopa;Levodopa;Levopa;Maipedopa;Parda;Pardopa;Prodopa;Syndopa;Veldopa;Weldopa"
O-Acetyl-L-Carnitine,,C2,"InChI=1S/C9H17NO4/c1-7(11)14-8(5-9(12)13)6-10(2,3)4/h8H,5-6H2,1-4H3",204,,,197.0,-1.81,0.000311,1.0,5.58,4.47,InChIKey=RDHQFKQIGNGIED-UHFFFAOYSA-N,1,L-Acetylcarnitine,C9H17NO4,InChIKey=RDHQFKQIGNGIED-UHFFFAOYSA-N,203.115758037,-2.4,-2.9,0.35 g/L,203.2356,CC(=O)OC(CC([O-])=O)C[N+](C)(C)C,HMDB00201,"InChI=1S/C9H17NO4/c1-7(11)14-8(5-9(12)13)6-10(2,3)4/h8H,5-6H2,1-4H3",3,4.09,-7,0,-4.4,0,20.87,66.43,72.64,6,3-(acetyloxy)-4-(trimethylazaniumyl)butanoate,3-(acetyloxy)-4-(trimethylaminio)butanoate,(+-)-Acetylcarnitine;(-)-Acetylcarnitine;(R)-Acetylcarnitine;Acetyl-carnitine ;Acetyl-L-(-)-carnitine;Acetyl-L-carnitine;Acetylcarnitine;ALCAR;L-Acetylcarnitine;L-Carnitine acetyl ester;L-O-Acetylcarnitine;Levocarnitine acetyl;Nicetile;O-Acetyl-L-carnitine;O-Acetylcarnitine
L-Tryptophan,,Trp,"InChI=1S/C11H12N2O2/c12-9(11(14)15)5-7-6-13-10-4-2-1-3-8(7)10/h1-4,6,9,13H,5,12H2,(H,14,15)/t9-/m0/s1",205,188,3:2,166.0,-1.05,0.000225,0.768,3.55,3.19,InChIKey=QIVBCDIJIAJPQS-VIFPVBQESA-N,1,L-Tryptophan,C11H12N2O2,InChIKey=QIVBCDIJIAJPQS-VIFPVBQESA-N,204.089877638,-1.1,-2.2,1.36 g/L,204.2252,N[C@@H](CC1=CNC2=CC=CC=C12)C(O)=O,HMDB00929,"InChI=1S/C11H12N2O2/c12-9(11(14)15)5-7-6-13-10-4-2-1-3-8(7)10/h1-4,6,9,13H,5,12H2,(H,14,15)/t9-/m0/s1",3,2.54,9.4,3,-1.1,0,21.05,79.11,56.2,3,(2S)-2-amino-3-(1H-indol-3-yl)propanoic acid,L-tryptophan,(-)-tryptophan;(2S)-2-amino-3-(1H-indol-3-yl)propanoate;(2S)-2-amino-3-(1H-indol-3-yl)propanoic acid;(L)-tryptophan;(S)-1H-Indole-3-alanine;(S)-2-Amino-3-(3-indolyl)propionic acid;(S)-a-Amino-1H-indole-3-propanoate;(S)-a-Amino-1H-indole-3-propanoic acid;(S)-a-amino-b-indolepropionate;(S)-a-amino-b-indolepropionic acid;(S)-a-Aminoindole-3-propionate;(S)-a-Aminoindole-3-propionic acid;(S)-alpha-Amino-1H-indole-3-propanoate;(S)-alpha-Amino-1H-indole-3-propanoic acid;(S)-alpha-Amino-beta-(3-indolyl)-propionic acid;(S)-alpha-amino-beta-indolepropionate;(S)-alpha-amino-beta-indolepropionic acid;(S)-alpha-Aminoindole-3-propionate;(S)-alpha-Aminoindole-3-propionic acid;(S)-tryptophan;1-beta-3-Indolylalanine;1beta-3-Indolylalanine;1H-Indole-3-Alanine;2-Amino-3-indolylpropanoate;2-Amino-3-indolylpropanoic acid;3-(1H-Indol-3-yl)-L-Alanine;3-Indol-3-ylalanine;alpha'-Amino-3-indolepropionic acid;alpha-Aminoindole-3-propionic acid;Ardeytropin;H-TRP-oh;Indole-3-alanine;Kalma;L-(-)-Tryptophan;L-alpha-Amino-3-indolepropionic acid;L-alpha-Aminoindole-3-propionic acid;L-b-3-Indolylalanine;L-beta-3-Indolylalanine;L-Tryptofan;L-Tryptophan;L-Tryptophane;Lopac-T-0254;Lyphan;Optimax;Pacitron;Sedanoct;Triptofano;Trofan;Tryptacin;Tryptan;Tryptophan;Tryptophane;Tryptophanum
3-Chloro-L-Tyrosine,,ClTyr,"InChI=1S/C9H10ClNO3/c10-6-3-5(1-2-8(6)12)4-7(11)9(13)14/h1-3,7,12H,4,11H2,(H,13,14)",216,218,3:1,160.0,-1.42,0.000199,0.701,3.18,2.79,InChIKey=ACWBBAGYTKWBCD-UHFFFAOYSA-N,1,3-Chlorotyrosine,C9H10ClNO3,InChIKey=ACWBBAGYTKWBCD-UHFFFAOYSA-N,215.034920898,-1.6,-2.3,1.01 g/L,215.634,NC(CC1=CC(Cl)=C(O)C=C1)C(O)=O,HMDB01885,"InChI=1S/C9H10ClNO3/c10-6-3-5(1-2-8(6)12)4-7(11)9(13)14/h1-3,7,12H,4,11H2,(H,13,14)",4,1.56,9.47,3,-0.89,0,20.35,83.55,51.9,3,2-amino-3-(3-chloro-4-hydroxyphenyl)propanoic acid,2-amino-3-(3-chloro-4-hydroxyphenyl)propanoic acid,3-Chloro-L-tyrosine;Chlorotyrosine;L-(8CI)-3-chloro-Tyrosine;Monochlorotyrosine
5-Hydroxy-L-Tryptophan,,OHTrp,"InChI=1S/C11H12N2O3/c12-9(11(15)16)3-6-5-13-10-2-1-7(14)4-8(6)10/h1-2,4-5,9,13-14H,3,12H2,(H,15,16)",221,204,5:2,173.0,-1.66,0.000221,0.784,2.46,3.33,InChIKey=LDCYZAJDBXYCGN-UHFFFAOYSA-N,1,5-Hydroxy-L-tryptophan,C11H12N2O3,InChIKey=LDCYZAJDBXYCGN-UHFFFAOYSA-N,220.08479226,-1.6,-1.8,3.63 g/L,220.2246,NC(CC1=CNC2=C1C=C(O)C=C2)C(O)=O,HMDB00472,"InChI=1S/C11H12N2O3/c12-9(11(15)16)3-6-5-13-10-2-1-7(14)4-8(6)10/h1-2,4-5,9,13-14H,3,12H2,(H,15,16)",4,2.15,9.18,4,-1.4,0,22.03,99.34,58.18,3,2-amino-3-(5-hydroxy-1H-indol-3-yl)propanoic acid,(+-)-5-hydroxytryptophan,(+-)-5-Hydroxytryptophan;(S)-5-Hydroxytryptophan;5-Hydroxy-L-Tryptophan;5-Hydroxy-tryptophan;5-Hydroxyl-L-tryptophan;5-Hydroxytryptophan;5-Hydroxytryptophan L form;5-Hydroxytryptophan L-form;Cincofarm;Hydroxytryptophan;L-5-Hydroxytryptophan;Levothym;Levotinine;Oxitriptan;Oxyfan;Oxytryptophan;Pretonine;Quietim;Serotonyl;Telesol;Triptene
Cystathionine,,Cyst,"InChI=1S/C7H14N2O4S/c8-4(6(10)11)1-2-14-3-5(9)7(12)13/h4-5H,1-3,8-9H2,(H,10,11)(H,12,13)/t4-,5-/m0/s1",223,,,174.0,-4.8,0.000284,0.822,1.79,2.61,InChIKey=ILRYLPWNYFXEMH-WHFBIAKZSA-N,1,L-Cystathionine,C7H14N2O4S,InChIKey=ILRYLPWNYFXEMH-WHFBIAKZSA-N,222.067427636,-4,-1.1,17.3 g/L,222.262,N[C@@H](CCSC[C@H](N)C(O)=O)C(O)=O,HMDB00099,"InChI=1S/C7H14N2O4S/c8-4(6(10)11)1-2-14-3-5(9)7(12)13/h4-5H,1-3,8-9H2,(H,10,11)(H,12,13)/t4-,5-/m0/s1",6,1.79,9.66,4,-5.8,0,22.02,126.64,51.57,7,(2S)-2-amino-4-{[(2R)-2-amino-2-carboxyethyl]sulfanyl}butanoic acid,L-(+)-cystathionine,"(R)-S-(2-amino-2-carboxyethyl)-L-Homocysteine;Cystathionine;L-(+)-Cystathionine;S-[(2R)-2-Amino-2-carboxyethyl]-L-Homocysteine;[R-(R*,S*)]-2-amino-4-[(2-amino-2-carboxyethyl)thio]-Butanoate;[R-(R*,S*)]-2-amino-4-[(2-amino-2-carboxyethyl)thio]-Butanoic acid"
3-Nitro-L-Tyrosine,,NTyr,"InChI=1S/C9H10N2O5/c10-6(9(13)14)3-5-1-2-8(12)7(4-5)11(15)16/h1-2,4,6,12H,3,10H2,(H,13,14)/t6-/m0/s1",227,,,163.0,-1.12,0.000193,0.645,2.98,3.0,InChIKey=FBTSQILOGYXGMD-LURJTMIESA-N,1,3-Nitrotyrosine,C9H10N2O5,InChIKey=FBTSQILOGYXGMD-LURJTMIESA-N,226.05897144,-2.1,-2.2,1.49 g/L,226.1861,N[C@@H](CC1=CC(=C(O)C=C1)[N+]([O-])=O)C(O)=O,HMDB01904,"InChI=1S/C9H10N2O5/c10-6(9(13)14)3-5-1-2-8(12)7(4-5)11(15)16/h1-2,4,6,12H,3,10H2,(H,13,14)/t6-/m0/s1",6,0.96,9.48,3,-1.6,-1,20.37,129.37,54.42,4,(2S)-2-amino-3-(4-hydroxy-3-nitrophenyl)propanoic acid,meta-nitro-tyrosine,3-Nitrotyrosine;5-Nitrotyrosine;m-Nitrotyrosine
Atenolol,,At,"InChI=1S/C14H22N2O3/c1-10(2)16-8-12(17)9-19-13-5-3-11(4-6-13)7-14(15)18/h3-6,10,12,16-17H,7-9H2,1-2H3,(H2,15,18)",267,,,253.0,0.1,0.000225,1.0,8.88,7.33,InChIKey=METKIMKYRPQLGS-UHFFFAOYSA-N,1,Atenolol,C14H22N2O3,InChIKey=METKIMKYRPQLGS-UHFFFAOYSA-N,266.16304258,0.57,-2.8,0.43 g/L,266.3361,CC(C)NCC(O)COC1=CC=C(CC(N)=O)C=C1,HMDB01924,"InChI=1S/C14H22N2O3/c1-10(2)16-8-12(17)9-19-13-5-3-11(4-6-13)7-14(15)18/h3-6,10,12,16-17H,7-9H2,1-2H3,(H2,15,18)",4,14.08,9.67,3,0.43,1,29.98,84.58,73.51,8,2-(4-{2-hydroxy-3-[(propan-2-yl)amino]propoxy}phenyl)acetamide,atenolol,Aircrit;Alinor;Altol;Anselol;Antipressan;Apo-Atenolol;Atcardil;Atecard;Atehexal;Atenblock;Atendol;Atenet;Ateni;Atenil;Atenol 1A pharma;Atenol acis;Atenol AL;Atenol Atid;Atenol Cophar;Atenol ct;Atenol Fecofar;Atenol Gador;Atenol Genericon;Atenol GNR;Atenol Heumann;Atenol MSD;Atenol NM Pharma;Atenol Nordic;Atenol PB;Atenol Quesada;Atenol Stada;Atenol Tika;Atenol Trom;Atenol von ct;Atenol-Mepha;Atenol-ratiopharm;Atenol-Wolff;Atenolin;Atenolol (JAN/USP);Atenolol [USAN:BAN:INN:JAN];Atenololum [INN-Latin];Atenomel;Atereal;Aterol;Betablok;Betacard;Betasyn;Betatop Ge;Blocotenol;Blokium;Cardaxen;Cardiopress;Corotenol;Cuxanorm;Duraatenolol;Duratenol;Evitocor;Farnormin;Felo-Bits;Hipres;Hypoten;Ibinolo;Internolol;Jenatenol;Juvental;Lo-ten;Loten;Lotenal;Myocord;Normalol;Normiten;Noten;Oraday;Ormidol;Panapres;Plenacor;Premorine;Prenolol;Prenormine;Prinorm;Scheinpharm Atenol;Seles beta;Selobloc;Serten;Servitenol;Stermin;Tenidon;Tenobloc;Tenoblock;Tenolol;Tenoprin;Tenoretic;Tenormin;Tenormin (TN);Tenormine;Tenormine [French];Tensimin;Tredol;Unibloc;Uniloc;Vascoten;Vericordin;Wesipin;Xaten
Adenosine,,A,"InChI=1S/C10H13N5O4/c11-8-5-9(13-2-12-8)15(3-14-5)10-7(18)6(17)4(1-16)19-10/h2-4,6-7,10,16-18H,1H2,(H2,11,12,13)/t4-,6-,7-,10-/m1/s1",268,,,195.0,-1.01,0.00025,1.0,2.94,4.52,InChIKey=OIRDTQYFTABQOQ-KQYNXXCUSA-N,1,Adenosine,C10H13N5O4,InChIKey=OIRDTQYFTABQOQ-KQYNXXCUSA-N,267.096753929,-1.2,-1.3,14 g/L,267.2413,NC1=NC=NC2=C1N=CN2[C@@H]1O[C@H](CO)[C@@H](O)[C@H]1O,HMDB00050,"InChI=1S/C10H13N5O4/c11-8-5-9(13-2-12-8)15(3-14-5)10-7(18)6(17)4(1-16)19-10/h2-4,6-7,10,16-18H,1H2,(H2,11,12,13)/t4-,6-,7-,10-/m1/s1",8,12.45,4.99,4,-2.1,0,25.04,139.54,63.2,2,"(2R,3R,4S,5R)-2-(6-amino-9H-purin-9-yl)-5-(hydroxymethyl)oxolane-3,4-diol",adenosine,1-(6-Amino-9H-purin-9-yl)-1-deoxy-beta-D-Ribofuranose;1-(6-Amino-9H-purin-9-yl)-1-deoxy-beta-delta-Ribofuranose;6-Amino-9beta-D-ribofuranosyl-9H-purine;6-Amino-9beta-delta-ribofuranosyl-9H-purine;9-beta-D-Arabinofuranosyladenine;9-beta-D-Ribofuranosidoadenine;9-beta-D-Ribofuranosyl-9H-purin-6-amine;9-beta-D-Ribofuranosyladenine;9-beta-delta-Arabinofuranosyladenine;9-beta-delta-Ribofuranosidoadenine;9-beta-delta-Ribofuranosyl-9H-purin-6-amine;9-beta-delta-Ribofuranosyladenine;9beta-D-ribofuranosyl-9H-Purin-6-amine;9beta-D-Ribofuranosyladenine;9beta-delta-ribofuranosyl-9H-Purin-6-amine;9beta-delta-Ribofuranosyladenine;Adenine nucleoside;Adenine riboside;Adenine-9beta-D-Ribofuranoside;Adenine-9beta-delta-Ribofuranoside;Adenocard;Adenocor;Adenoscan;Adenosin;b-D-Adenosine;beta-Adenosine;beta-D-Adenosine;beta-delta-Adenosine;Boniton;Myocol;Nucleocardyl;Sandesin
Metoprolol,b,Meto,"InChI=1S/C15H25NO3/c1-12(2)16-10-14(17)11-19-15-6-4-13(5-7-15)8-9-18-3/h4-7,12,14,16-17H,8-11H2,1-3H3",268,,,279.0,1.55,0.000223,1.0,36.3,8.87,InChIKey=IUBSYMUCCVWXPE-UHFFFAOYSA-N,1,Metoprolol,C15H25NO3,InChIKey=IUBSYMUCCVWXPE-UHFFFAOYSA-N,267.183443671,1.8,-2.8,0.4 g/L,267.3639,COCCC1=CC=C(OCC(O)CNC(C)C)C=C1,HMDB01932,"InChI=1S/C15H25NO3/c1-12(2)16-10-14(17)11-19-15-6-4-13(5-7-15)8-9-18-3/h4-7,12,14,16-17H,8-11H2,1-3H3",4,14.09,9.67,2,1.76,1,31.86,50.72,76.7,9,{2-hydroxy-3-[4-(2-methoxyethyl)phenoxy]propyl}(propan-2-yl)amine,metoprolol,(+/-)-Metoprolol;(RS)-Metoprolol;Beatrolol;Dl-Metoprolol;Lopresor;Lopresoretic;Lopressor;Meijoprolol;Metohexal;Metoprolol;Metoprolol succinate;Metoprolol tartrate;Metoprololum;Preblok;Presolol;Seloken;Seroken;Spesicor;Toprol-XL
Guanosine,,G,"InChI=1S/C10H13N5O5/c11-10-13-7-4(8(19)14-10)12-2-15(7)9-6(18)5(17)3(1-16)20-9/h2-3,5-6,9,16-18H,1H2,(H3,11,13,14,19)/t3-,5-,6-,9-/m1/s1",284,152,1:1,207.0,-1.85,0.000179,1.0,2.82,4.71,InChIKey=NYHBQMYGNKIUIF-UUOKFMHZSA-N,1,Guanosine,C10H13N5O5,InChIKey=NYHBQMYGNKIUIF-UUOKFMHZSA-N,283.091668551,-2.1,-1.3,15.3 g/L,283.2407,NC1=NC2=C(N=CN2[C@@H]2O[C@H](CO)[C@@H](O)[C@H]2O)C(=O)N1,HMDB00133,"InChI=1S/C10H13N5O5/c11-10-13-7-4(8(19)14-10)12-2-15(7)9-6(18)5(17)3(1-16)20-9/h2-3,5-6,9,16-18H,1H2,(H3,11,13,14,19)/t3-,5-,6-,9-/m1/s1",8,10.16,1.79,5,-2.7,0,26.02,155.22,64.62,2,"2-amino-9-[(2R,3R,4S,5R)-3,4-dihydroxy-5-(hydroxymethyl)oxolan-2-yl]-6,9-dihydro-1H-purin-6-one",guanosine,"2-Amino-1,9-dihydro-9-b-D-ribofuranosyl-6H-purin-6-one;2-Amino-1,9-dihydro-9-beta-delta-ribofuranosyl-6H-purin-6-one;2-Amino-Inosine;9-b-D-Ribofuranosyl-Guanine;9-beta-delta-Ribofuranosyl-Guanine;b-D-Ribofuranoside guanine-9;beta-delta-Ribofuranoside guanine-9;Guanosine;Ribonucleoside;Vernine"
Oxidized Glutathione,b,GSSG,"InChI=1S/C20H32N6O12S2/c21-9(19(35)36)1-3-13(27)25-11(17(33)23-5-15(29)30)7-39-40-8-12(18(34)24-6-16(31)32)26-14(28)4-2-10(22)20(37)38/h9-12H,1-8,21-22H2,(H,23,33)(H,24,34)(H,25,27)(H,26,28)(H,29,30)(H,31,32)(H,35,36)(H,37,38)",307,,,498.0,-7.89,0.000202,0.942,1.69,15.9,InChIKey=YPZRWBKMTBYPTK-UHFFFAOYSA-N,1,Oxidized glutathione,C20H32N6O12S2,InChIKey=YPZRWBKMTBYPTK-UHFFFAOYSA-N,612.151961898,-3.6,-3.2,0.41 g/L,612.631,NC(CCC(=O)NC(CSSCC(NC(=O)CCC(N)C(O)=O)C(=O)NCC(O)=O)C(=O)NCC(O)=O)C(O)=O,HMDB03337,"InChI=1S/C20H32N6O12S2/c21-9(19(35)36)1-3-13(27)25-11(17(33)23-5-15(29)30)7-39-40-8-12(18(34)24-6-16(31)32)26-14(28)4-2-10(22)20(37)38/h9-12H,1-8,21-22H2,(H,23,33)(H,24,34)(H,25,27)(H,26,28)(H,29,30)(H,31,32)(H,35,36)(H,37,38)",14,1.44,9.61,10,-10,-2,58.41,317.64,136.65,21,2-amino-4-[(2-{[2-(4-amino-4-carboxybutanamido)-2-[(carboxymethyl)carbamoyl]ethyl]disulfanyl}-1-[(carboxymethyl)carbamoyl]ethyl)carbamoyl]butanoic acid,2-amino-4-[(2-{[2-(4-amino-4-carboxybutanamido)-2-(carboxymethylcarbamoyl)ethyl]disulfanyl}-1-(carboxymethylcarbamoyl)ethyl)carbamoyl]butanoic acid,(2S)-2-azaniumyl-4-{[(1R)-2-{[(2R)-2-[(4S)-4-azaniumyl-4-carboxylatobutanamido]-2-[(carboxylatomethyl)carbamoyl]ethyl]disulfanyl}-1-[(carboxylatomethyl)carbamoyl]ethyl]carbamoyl}butanoate;Glutathione disulfide;GSSG;L(-)-Glutathione(oxidized);Oxiglutatione
Quinine,b,Quin,"InChI=1S/C20H24N2O2/c1-3-13-12-22-9-7-14(13)10-19(22)20(23)16-6-8-21-18-5-4-15(24-2)11-17(16)18/h3-6,8,11,13-14,19-20,23H,1,7,9-10,12H2,2H3/t13-,14-,19-,20+/m0/s1",325,163,Mh22+,303.0,3.0,0.000454,2.0,4.38,10.6,InChIKey=LOUPRKONTZGTKE-WZBLMQSHSA-N,1,Quinine,C20H24N2O2,InChIKey=LOUPRKONTZGTKE-WZBLMQSHSA-N,324.183778022,2.82,-3,0.33 g/L,324.4168,[H][C@]1(C[C@@H]2CC[N@]1C[C@@H]2C=C)[C@H](O)C1=CC=NC2=CC=C(OC)C=C12,HMDB14611,"InChI=1S/C20H24N2O2/c1-3-13-12-22-9-7-14(13)10-19(22)20(23)16-6-8-21-18-5-4-15(24-2)11-17(16)18/h3-6,8,11,13-14,19-20,23H,1,7,9-10,12H2,2H3/t13-,14-,19-,20+/m0/s1",4,13.89,9.05,1,2.51,1,35.96,45.59,94.69,4,"(R)-[(1S,2S,4S,5R)-5-ethenyl-1-azabicyclo[2.2.2]octan-2-yl](6-methoxyquinolin-4-yl)methanol",(-)-quinine,"6'-Methoxycinchonidine;6'-Methoxycinchonine;Quinine sulfate;Quinine sulphate;Quinine, Anhydrous;Quinineanhydrous;Quinoline Alkaloid"
Oxytetracycline,b,Oxytet,"InChI=1S/C22H24N2O9/c1-21(32)7-5-4-6-8(25)9(7)15(26)10-12(21)17(28)13-14(24(2)3)16(27)11(20(23)31)19(30)22(13,33)18(10)29/h4-6,12-14,17,25-28,32-33H,1-3H3,(H2,23,31)/t12-,13-,14+,17+,21-,22+/m1/s1",461,,,370.0,-1.0,0.000189,1.0,0.297,12.1,InChIKey=JLGOGFIHBRJQHY-PXOLEDIWSA-N,1,Oxytetracycline,C22H24N2O9,InChIKey=JLGOGFIHBRJQHY-PXOLEDIWSA-N,460.148180376,-0.94,-2.7,0.87 g/L,460.434,[H][C@@]12[C@@H](O)[C@@]3([H])C(=C(O)C4=C(O)C=CC=C4[C@@]3(C)O)C(=O)[C@]1(O)C(=O)C(C(N)=O)=C(O)[C@H]2N(C)C,HMDB14733,"InChI=1S/C22H24N2O9/c1-21(32)7-5-4-6-8(25)9(7)15(26)10-12(21)17(28)13-14(24(2)3)16(27)11(20(23)31)19(30)22(13,33)18(10)29/h4-6,12-14,17,25-28,32-33H,1-3H3,(H2,23,31)/t12-,13-,14+,17+,21-,22+/m1/s1",10,0.27,7.96,7,-4.8,-1,44.04,201.85,115.3,2,"(4S,4aR,5S,5aR,6S,12aS)-4-(dimethylamino)-3,5,6,10,11,12a-hexahydroxy-6-methyl-1,12-dioxo-1,4,4a,5,5a,6,12,12a-octahydrotetracene-2-carboxamide","(4S,4aR,5S,5aR,6S,12aS)-4-(dimethylamino)-3,5,6,10,11,12a-hexahydroxy-6-methyl-1,12-dioxo-4,4a,5,5a-tetrahydrotetracene-2-carboxamide","2058-46-0 (Mono-hydrochloride);5-Hydroxy-Tetracycline;5-Hydroxytetracycline;6153-64-6 (Di-hydrate);6153-65-7 (Di-hydrochloride salt, di-hydrate);7179-50-2 (Calcium (1:1) salt);79-57-2 (ANHYDROUS);Abbocin;Adamycin;Antibiotic TM 25;Berkmycen;Biostat;Biostat pa;Bisolvomycin;Dabicycline;Dalimycin;Fanterrin;Galsenomycin;Geomycin;Geotilin;Hydroxytetracycline;Imperacin;Lenocycline;Liquamycin;Liquamycin LA 200;Macocyn;Medamycin;Mycoshield TMQTHC 20;NSC 9169;NSC9169 (HCL);Oksisyklin;Ossitetraciclina;OTC;Oxacycline;Oxitetraciclina;Oxitetracyclin;Oxitetracyclinum;Oxy-kesso-tetra;Oxydon;Oxymycin;Oxymykoin;Oxypam;Oxysteclin;Oxyterracin;Oxyterracine;Oxyterracyne;Oxytetracid;Oxytetracyclin;Oxytetracycline (anhydrous);Oxytetracycline amphoteric;Oxytetracycline anhydrous;Oxytetracycline calcium;Oxytetracycline [inn];Oxytetracyclinum;Pennox 200;Proteroxyna;Riomitsin;Ryomycin;Solkaciclina;Stecsolin;Stevacin;Tarocyn;Tarosin;Teravit;Terrafungine;Terramitsin;Terramycin;Tetran;Unimycin;Ursocyclin;Ursocycline;Vendarcin"
